start,duration,when_inf,reached,dir_rec,psk,spr,rec,att_rate,max_inf
118,46,-1|-1|11|11|15|-1|-1|26|-1|16|15|-1|10|-1|19|-1|30|18|-1|16|-1|-1|11|11|-1|-1|14|17|12|14|-1|22|12|10|14|-1|22|11|13|-1|-1|16|-1|-1|12|15|13|9|11|-1|-1|-1|10|15|-1|19|-1|-1|-1|13|-1|14|-1|-1|1|10|13|15|14|-1|11|3|-1|11|10|17|17|-1|-1|2|19|-1|3|18|13|18|18|12|-1|12|-1|12|-1|12|-1|23|14|15|11|23|14|10|15|19|-1|-1|-1|-1|-1|-1|-1|20|18|-1|11|21|15|0|10|-1|5|9|15|14|13|16|-1|-1|15|15|-1|-1|10|16|-1|10|12|-1|-1|-1|-1|-1|14|12|15|17|-1|-1|9|-1|19|9|-1|-1|-1|-1|-1|12|-1|15|12|-1|-1|-1|-1|17|-1|-1|28|-1|-1|-1|-1|-1|-1|-1|10|6|8|26|10|12|10|9|16|7|-1|-1|14|11|-1|24|21|16|17|15|-1|-1|13|-1|20|18|12|22|9|24|-1|20|-1|-1|11|-1|-1|-1|-1|16|16|-1|10|-1|12|17|15|-1|-1|16|-1|13|-1|-1|-1|12|-1|-1|12|14|13|9|10|17|11|19|12|-1|13|-1|19|-1|13|-1|5|13|-1|-1|10|-1|12|13|14|-1|-1|-1|-1|11|-1|11|-1|11|-1|-1|16|14|21|-1|13|-1|26|11|9|-1|-1|10|17|-1|11|11|14|-1|23|17|-1|12|11|23|14|20|22|13|-1|-1|15|-1|18|15|22|-1|27|-1|-1|2|-1|-1|-1|14|-1|12|-1|11|22|20|17|13|17|6|19|11|-1|-1|-1|11|15|7|-1|-1|13|12|16|16|-1|13|-1|-1|15|13|-1|11|16|-1|-1|-1|25|-1|-1|14|17|-1|-1|20|-1|-1|18|19|-1|19|-1|13|16|-1|-1|-1|16|15|16|12|18|13|-1|12|13|14|-1|19|-1|10|-1|14|14|-1|12|-1|20|-1|-1|-1|16|11|4|-1|15|14|-1|14|-1|14|4|13|12|19|-1|-1|-1|12|16|17|-1|15|-1|-1|-1|-1|13|17|18|21|21|-1|24|-1|22|-1|-1|-1|10|15|15|13|15|-1|-1|-1|-1|11|12|15|-1|-1|15|15|14|-1|-1|-1|20|-1|10|8|-1|-1|27|-1|-1|-1|7|9|-1|28|11|15|11|6|17|12|-1|-1|-1|13|15|12|14|-1|-1|18|-1|12|-1|-1|-1|-1|19|12|-1|6|-1|-1|-1|-1|-1|13|21|-1|-1|-1|-1|-1|18|-1|-1|-1|19,0|0|1|1|1|0|0|1|0|1|1|0|1|0|1|0|1|1|0|1|0|0|1|1|0|0|1|1|1|1|0|1|1|1|1|0|1|1|1|0|0|1|0|0|1|1|1|1|1|0|0|0|1|1|0|1|0|0|0|1|0|1|0|0|1|1|1|1|1|0|1|1|0|1|1|1|1|0|0|1|1|0|1|1|1|1|1|1|0|1|0|1|0|1|0|1|1|1|1|1|1|1|1|1|0|0|0|0|0|0|0|1|1|0|1|1|1|1|1|0|1|1|1|1|1|1|0|0|1|1|0|0|1|1|0|1|1|0|0|0|0|0|1|1|1|1|0|0|1|0|1|1|0|0|0|0|0|1|0|1|1|0|0|0|0|1|0|0|1|0|0|0|0|0|0|0|1|1|1|1|1|1|1|1|1|1|0|0|1|1|0|1|1|1|1|1|0|0|1|0|1|1|1|1|1|1|0|1|0|0|1|0|0|0|0|1|1|0|1|0|1|1|1|0|0|1|0|1|0|0|0|1|0|0|1|1|1|1|1|1|1|1|1|0|1|0|1|0|1|0|1|1|0|0|1|0|1|1|1|0|0|0|0|1|0|1|0|1|0|0|1|1|1|0|1|0|1|1|1|0|0|1|1|0|1|1|1|0|1|1|0|1|1|1|1|1|1|1|0|0|1|0|1|1|1|0|1|0|0|1|0|0|0|1|0|1|0|1|1|1|1|1|1|1|1|1|0|0|0|1|1|1|0|0|1|1|1|1|0|1|0|0|1|1|0|1|1|0|0|0|1|0|0|1|1|0|0|1|0|0|1|1|0|1|0|1|1|0|0|0|1|1|1|1|1|1|0|1|1|1|0|1|0|1|0|1|1|0|1|0|1|0|0|0|1|1|1|0|1|1|0|1|0|1|1|1|1|1|0|0|0|1|1|1|0|1|0|0|0|0|1|1|1|1|1|0|1|0|1|0|0|0|1|1|1|1|1|0|0|0|0|1|1|1|0|0|1|1|1|0|0|0|1|0|1|1|0|0|1|0|0|0|1|1|0|1|1|1|1|1|1|1|0|0|0|1|1|1|1|0|0|1|0|1|0|0|0|0|1|1|0|1|0|0|0|0|0|1|1|0|0|0|0|0|1|0|0|0|1,0|0|0|0|0|0|0|0|0|0|0|0|0|0|0|0|0|0|0|0|0|0|0|0|0|0|0|0|0|0|0|0|0|0|0|0|0|0|0|0|0|0|0|0|0|0|0|0|0|0|1|1|0|0|0|0|0|0|1|0|0|0|0|0|0|0|0|0|0|0|0|0|0|0|0|0|0|0|0|0|0|0|0|0|0|0|0|0|0|0|1|0|0|0|0|0|0|0|0|0|0|0|0|0|0|0|0|0|0|0|1|0|0|0|0|0|0|0|0|0|0|0|0|0|0|0|0|0|1|0|0|0|0|0|0|0|0|0|0|0|0|0|0|0|0|0|0|0|0|0|0|0|0|0|0|0|0|0|0|0|0|0|0|0|1|0|0|0|0|0|0|1|0|0|0|1|0|0|0|0|0|0|0|0|0|0|0|0|0|0|0|0|0|0|0|0|0|0|0|0|0|0|0|0|0|0|0|0|0|0|0|1|0|0|0|0|0|1|0|0|0|0|0|0|0|0|1|0|0|0|0|0|1|0|0|0|0|0|0|0|0|0|0|0|0|0|0|0|0|0|0|0|0|0|0|0|0|0|0|0|0|0|1|0|0|0|0|0|0|0|0|0|0|0|0|0|0|0|0|0|0|0|0|0|0|0|0|0|0|0|0|0|0|0|0|0|0|0|0|0|0|0|0|0|0|0|0|0|0|0|0|0|0|0|1|0|0|0|0|0|0|0|0|0|0|0|1|0|0|0|0|0|0|0|0|0|1|0|0|0|0|0|0|0|0|0|0|0|0|0|0|0|0|0|0|0|1|0|0|0|0|0|0|0|0|0|0|0|0|0|0|0|0|0|0|0|0|0|0|0|0|0|1|0|0|0|0|0|0|1|0|0|0|0|0|0|0|0|0|0|0|0|0|0|0|0|1|0|0|0|0|0|0|0|0|0|0|0|0|1|0|0|0|0|0|0|0|0|0|0|0|0|0|0|0|0|0|1|0|0|0|0|0|0|0|0|0|0|0|1|0|0|0|0|0|0|0|0|0|0|0|0|0|0|0|1|0|0|0|0|0|0|0|0|0|0|0|0|0|0|0|0|0|0|0|0|0|0|0|0|0|0|0|0|0|0|0|0|0|0|0|0|0|0|0|0|0|0|0,0.1,0.3,0.1,286,0.182711198428291
259,89,-1|-1|16|14|23|-1|43|-1|-1|23|-1|-1|12|17|-1|-1|16|24|-1|14|17|-1|17|15|21|-1|20|21|19|18|-1|15|10|25|-1|20|45|13|-1|-1|-1|-1|-1|-1|-1|17|13|15|-1|6|-1|-1|13|-1|-1|30|28|-1|13|-1|-1|-1|18|25|15|-1|13|18|13|40|18|18|16|12|-1|18|-1|-1|-1|17|-1|-1|17|-1|-1|18|-1|16|16|13|26|14|-1|-1|47|30|11|-1|16|19|5|-1|21|21|-1|18|-1|47|45|46|46|-1|16|-1|-1|23|19|-1|18|-1|16|13|-1|17|16|-1|-1|-1|2|15|-1|-1|16|34|-1|17|-1|18|-1|-1|20|20|15|-1|1|17|17|18|17|14|27|11|17|-1|-1|-1|16|26|17|17|17|19|22|-1|-1|24|-1|-1|-1|-1|-1|16|-1|25|-1|9|-1|14|17|35|12|24|-1|20|13|20|-1|-1|-1|13|18|25|24|-1|-1|-1|-1|-1|13|-1|32|-1|12|44|-1|31|-1|-1|-1|15|11|-1|-1|-1|-1|14|11|15|-1|-1|16|20|13|26|-1|3|-1|8|-1|-1|35|-1|22|14|-1|-1|11|18|17|28|14|12|-1|26|24|17|-1|-1|-1|16|16|12|16|-1|16|20|23|20|0|-1|-1|-1|17|15|42|18|-1|15|-1|-1|24|-1|25|19|-1|20|20|18|-1|-1|18|19|11|23|-1|-1|-1|-1|19|3|16|15|-1|-1|-1|17|-1|15|14|15|11|-1|-1|16|-1|18|32|22|46|15|5|41|43|10|22|20|15|12|24|14|-1|13|-1|14|-1|-1|14|-1|-1|-1|14|-1|-1|18|17|14|18|-1|-1|13|20|-1|-1|19|19|13|-1|-1|-1|44|-1|-1|12|-1|-1|-1|12|-1|-1|-1|25|26|-1|-1|17|14|16|22|-1|-1|21|23|-1|-1|-1|-1|11|11|15|11|19|46|13|-1|19|-1|16|14|15|-1|28|-1|17|-1|22|17|-1|-1|-1|17|-1|17|-1|20|19|13|12|-1|21|23|21|-1|19|-1|-1|-1|17|-1|36|17|1|18|16|22|17|-1|-1|24|-1|22|20|-1|-1|-1|19|24|17|-1|-1|-1|-1|17|-1|33|-1|-1|17|13|-1|16|17|16|-1|-1|21|16|-1|-1|-1|-1|-1|-1|-1|-1|18|34|23|-1|-1|18|19|12|-1|-1|-1|-1|-1|-1|14|-1|-1|13|-1|-1|-1|-1|-1|-1|32|15|18|-1|13|-1|-1|-1|19|-1|18|-1|-1|-1|49|9|-1|-1|-1|19|21,0|0|1|1|1|0|1|0|0|1|0|0|1|1|0|0|1|1|0|1|1|0|1|1|1|0|1|1|1|1|0|1|1|1|0|1|1|1|0|0|0|0|0|0|0|1|1|1|0|1|0|0|1|0|0|1|1|0|1|0|0|0|1|1|1|0|1|1|1|1|1|1|1|1|0|1|0|0|0|1|0|0|1|0|0|1|0|1|1|1|1|1|0|0|1|1|1|0|1|1|1|0|1|1|0|1|0|1|1|1|1|0|1|0|0|1|1|0|1|0|1|1|0|1|1|0|0|0|1|1|0|0|1|1|0|1|0|1|0|0|1|1|1|0|1|1|1|1|1|1|1|1|1|0|0|0|1|1|1|1|1|1|1|0|0|1|0|0|0|0|0|1|0|1|0|1|0|1|1|1|1|1|0|1|1|1|0|0|0|1|1|1|1|0|0|0|0|0|1|0|1|0|1|1|0|1|0|0|0|1|1|0|0|0|0|1|1|1|0|0|1|1|1|1|0|1|0|1|0|0|1|0|1|1|0|0|1|1|1|1|1|1|0|1|1|1|0|0|0|1|1|1|1|0|1|1|1|1|1|0|0|0|1|1|1|1|0|1|0|0|1|0|1|1|0|1|1|1|0|0|1|1|1|1|0|0|0|0|1|1|1|1|0|0|0|1|0|1|1|1|1|0|0|1|0|1|1|1|1|1|1|1|1|1|1|1|1|1|1|1|0|1|0|1|0|0|1|0|0|0|1|0|0|1|1|1|1|0|0|1|1|0|0|1|1|1|0|0|0|1|0|0|1|0|0|0|1|0|0|0|1|1|0|0|1|1|1|1|0|0|1|1|0|0|0|0|1|1|1|1|1|1|1|0|1|0|1|1|1|0|1|0|1|0|1|1|0|0|0|1|0|1|0|1|1|1|1|0|1|1|1|0|1|0|0|0|1|0|1|1|1|1|1|1|1|0|0|1|0|1|1|0|0|0|1|1|1|0|0|0|0|1|0|1|0|0|1|1|0|1|1|1|0|0|1|1|0|0|0|0|0|0|0|0|1|1|1|0|0|1|1|1|0|0|0|0|0|0|1|0|0|1|0|0|0|0|0|0|1|1|1|0|1|0|0|0|1|0|1|0|0|0|1|1|0|0|0|1|1,0|0|0|0|0|0|0|0|0|0|1|0|0|0|0|0|0|0|0|0|0|0|0|0|0|0|0|0|0|0|0|0|0|0|0|0|0|0|0|0|0|0|1|0|0|0|0|0|1|0|1|0|0|0|0|0|0|0|0|0|0|1|0|0|0|0|0|0|0|0|0|0|0|0|0|0|0|0|1|0|0|1|0|0|0|0|1|0|0|0|1|0|0|0|0|0|0|1|0|0|0|0|0|0|0|0|0|0|0|0|0|0|0|0|0|0|0|0|0|0|0|0|0|0|0|0|0|0|1|0|0|0|0|0|0|0|0|0|0|0|0|0|0|1|0|0|0|0|0|0|0|0|0|0|0|0|0|0|0|0|0|0|0|0|1|0|0|0|0|0|0|0|0|0|0|0|0|0|0|0|0|0|1|0|0|0|0|0|0|0|0|0|0|0|0|1|0|0|0|0|0|0|0|0|1|0|0|0|0|0|0|1|0|1|0|0|0|0|1|0|0|0|0|0|0|0|0|0|0|0|0|1|0|0|0|0|0|1|0|0|0|0|0|0|0|0|0|0|0|0|0|0|0|0|0|0|0|0|0|1|0|0|0|0|0|0|0|0|0|0|0|0|0|0|0|0|0|0|0|0|0|0|0|0|0|0|1|0|0|0|0|0|1|0|0|0|0|0|0|0|0|0|0|0|0|0|0|0|0|0|0|0|0|0|0|0|0|0|0|0|0|0|0|0|1|0|0|0|0|0|0|1|0|0|0|0|0|0|0|0|0|0|0|0|0|0|0|0|0|0|1|0|0|0|0|0|0|0|0|0|0|0|0|0|0|0|0|0|0|0|0|0|1|0|0|0|0|1|0|0|0|0|0|0|0|0|0|0|0|0|0|1|0|0|0|0|0|0|0|0|0|0|0|0|0|0|0|0|0|0|0|0|0|0|0|0|0|0|0|0|0|0|0|0|0|0|0|0|0|0|0|0|0|0|0|0|0|0|0|0|1|0|1|0|0|0|0|0|0|0|0|0|0|0|0|0|0|0|0|0|0|0|0|0|0|0|0|0|0|0|0|0|0|0|0|0|0|0|0|0|0|0|0|0|1|0|0|0|0|0|0|0|0|0|1|0|0|0|0|0|0|0|0|0|0|0|0|0|0,0.1,0.3,0.1,281,0.172888015717092
344,53,1|17|11|10|8|-1|-1|21|-1|-1|-1|15|10|16|-1|33|5|-1|-1|-1|-1|-1|4|5|10|11|1|2|12|11|-1|3|9|8|-1|-1|-1|9|-1|-1|-1|26|-1|-1|10|13|-1|-1|-1|-1|-1|10|7|-1|-1|17|-1|-1|-1|-1|-1|14|-1|26|11|8|-1|19|9|-1|10|-1|-1|8|8|10|-1|-1|12|-1|-1|12|-1|-1|15|9|-1|12|6|9|-1|9|-1|17|-1|24|9|12|11|-1|-1|12|17|13|14|25|23|-1|-1|-1|-1|13|14|-1|11|-1|19|12|2|13|-1|11|11|15|13|-1|16|-1|-1|9|-1|-1|9|16|-1|10|11|-1|-1|-1|-1|-1|8|7|-1|1|-1|-1|10|13|16|8|-1|20|16|12|-1|16|17|10|12|4|18|10|14|-1|18|13|-1|28|-1|18|13|-1|8|20|29|13|6|27|9|7|7|6|11|14|-1|-1|15|11|19|19|-1|13|-1|12|15|9|12|-1|19|3|11|-1|7|26|-1|-1|16|-1|9|-1|12|-1|-1|15|-1|7|14|15|5|11|13|16|-1|-1|13|8|17|23|-1|-1|12|16|11|-1|10|11|9|15|7|-1|7|-1|18|-1|14|-1|13|-1|12|-1|14|-1|10|13|7|14|-1|-1|16|-1|13|8|-1|11|-1|10|-1|-1|18|12|20|11|-1|-1|-1|9|28|-1|-1|5|7|13|9|9|13|-1|-1|-1|-1|12|-1|-1|9|-1|25|7|14|12|12|-1|-1|14|-1|8|27|-1|-1|12|-1|17|15|3|5|15|15|11|16|-1|-1|-1|13|9|11|13|10|-1|-1|-1|-1|11|-1|-1|10|11|-1|-1|21|9|9|-1|12|0|12|11|10|-1|-1|-1|20|-1|-1|13|-1|14|9|-1|36|31|-1|-1|-1|-1|5|8|8|11|11|15|2|3|2|-1|2|10|10|13|10|-1|-1|-1|10|27|-1|-1|12|-1|12|4|22|-1|15|-1|16|-1|13|-1|15|11|10|10|12|11|-1|9|11|-1|12|-1|11|13|10|10|13|13|-1|-1|-1|-1|-1|20|-1|14|-1|21|10|-1|-1|3|18|15|-1|16|-1|18|-1|-1|-1|-1|-1|-1|11|14|-1|10|20|2|8|15|-1|14|19|21|15|11|17|15|-1|30|-1|-1|16|14|8|28|9|14|8|8|16|10|-1|-1|-1|12|-1|-1|-1|-1|-1|-1|-1|15|-1|18|22|-1|20|8|-1|16|12|-1|-1|-1|10|-1|-1|26|-1|-1|-1|-1|-1|-1|-1|-1|12,1|1|1|1|1|0|0|1|0|0|0|1|1|1|0|1|1|0|0|0|0|0|1|1|1|1|1|1|1|1|0|1|1|1|0|0|0|1|0|0|0|1|0|0|1|1|0|0|0|0|0|1|1|0|0|1|0|0|0|0|0|1|0|1|1|1|0|1|1|0|1|0|0|1|1|1|0|0|1|0|0|1|0|0|1|1|0|1|1|1|0|1|0|1|0|1|1|1|1|0|0|1|1|1|1|1|1|0|0|0|0|1|1|0|1|0|1|1|1|1|0|1|1|1|1|0|1|0|0|1|0|0|1|1|0|1|1|0|0|0|0|0|1|1|0|1|0|0|1|1|1|1|0|1|1|1|0|1|1|1|1|1|1|1|1|0|1|1|0|1|0|1|1|0|1|1|1|1|1|1|1|1|1|1|1|1|0|0|1|1|1|1|0|1|0|1|1|1|1|0|1|1|1|0|1|1|0|0|1|0|1|0|1|0|0|1|0|1|1|1|1|1|1|1|0|0|1|1|1|1|0|0|1|1|1|0|1|1|1|1|1|0|1|0|1|0|1|0|1|0|1|0|1|0|1|1|1|1|0|0|1|0|1|1|0|1|0|1|0|0|1|1|1|1|0|0|0|1|1|0|0|1|1|1|1|1|1|0|0|0|0|1|0|0|1|0|1|1|1|1|1|0|0|1|0|1|1|0|0|1|0|1|1|1|1|1|1|1|1|0|0|0|1|1|1|1|1|0|0|0|0|1|0|0|1|1|0|0|1|1|1|0|1|1|1|1|1|0|0|0|1|0|0|1|0|1|1|0|1|1|0|0|0|0|1|1|1|1|1|1|1|1|1|0|1|1|1|1|1|0|0|0|1|1|0|0|1|0|1|1|1|0|1|0|1|0|1|0|1|1|1|1|1|1|0|1|1|0|1|0|1|1|1|1|1|1|0|0|0|0|0|1|0|1|0|1|1|0|0|1|1|1|0|1|0|1|0|0|0|0|0|0|1|1|0|1|1|1|1|1|0|1|1|1|1|1|1|1|0|1|0|0|1|1|1|1|1|1|1|1|1|1|0|0|0|1|0|0|0|0|0|0|0|1|0|1|1|0|1|1|0|1|1|0|0|0|1|0|0|1|0|0|0|0|0|0|0|0|1,0|0|0|0|0|0|0|0|0|0|1|0|0|0|0|0|0|0|0|0|0|0|0|0|0|0|0|0|0|0|0|0|0|0|0|0|0|0|1|0|0|0|0|0|0|0|1|1|0|0|1|0|0|0|0|0|0|0|1|1|0|0|0|0|0|0|1|0|0|0|0|0|0|0|0|0|0|0|0|0|0|0|0|0|0|0|0|0|0|0|1|0|0|0|0|0|0|0|0|0|0|0|0|0|0|0|0|0|0|0|0|0|0|0|0|0|0|0|0|0|0|0|0|0|0|1|0|0|0|0|0|0|0|0|0|0|0|0|1|0|0|0|0|0|0|0|0|0|0|0|0|0|0|0|0|0|0|0|0|0|0|0|0|0|0|0|0|0|0|0|0|0|0|0|0|0|0|0|0|0|0|0|0|0|0|0|0|0|0|0|0|0|0|0|0|0|0|0|0|0|0|0|0|0|0|0|0|0|0|0|0|0|0|0|0|0|0|0|0|0|0|0|0|0|0|0|0|0|0|0|0|0|0|0|0|0|0|0|0|0|0|0|0|0|0|0|0|0|0|0|0|1|0|0|0|0|0|0|0|1|0|0|0|0|0|0|0|0|0|1|0|0|0|0|0|0|1|0|0|0|0|0|0|0|0|0|0|0|0|0|0|1|0|0|0|0|0|0|0|0|0|0|0|0|0|0|0|0|0|0|0|0|0|0|0|0|0|0|0|0|0|0|0|0|0|0|0|0|0|0|0|0|0|0|0|0|0|0|0|0|0|0|0|0|0|0|0|1|0|0|0|0|1|0|0|0|0|0|0|0|0|0|0|0|0|0|0|0|0|0|0|0|0|0|0|0|0|0|0|0|0|0|0|0|0|0|0|0|0|0|0|0|0|0|0|0|1|0|0|0|0|0|0|0|0|0|0|0|0|1|0|0|0|0|0|0|0|0|0|0|0|0|1|0|0|0|0|0|0|0|0|0|0|0|0|0|0|0|0|0|0|0|0|0|0|0|0|0|0|0|0|0|0|0|0|0|0|0|0|0|0|0|0|0|0|0|0|0|0|0|0|0|0|0|0|0|0|1|0|0|0|0|0|0|0|0|0|0|0|0|0|0|0|0|0|0|0|0|0|0|0|1|0|0|0|0|0|0|0,0.1,0.3,0.1,298,0.198428290766208
312,80,-1|-1|16|12|-1|-1|-1|-1|-1|-1|11|-1|17|-1|-1|-1|16|-1|12|8|17|22|15|13|-1|21|17|-1|19|17|23|-1|-1|15|17|29|18|14|22|22|-1|21|17|-1|-1|17|-1|13|-1|-1|-1|18|-1|20|-1|19|-1|14|14|15|17|-1|-1|21|-1|-1|12|21|14|-1|15|-1|-1|-1|-1|-1|-1|20|-1|-1|-1|16|-1|-1|-1|-1|19|16|-1|-1|12|15|-1|11|-1|23|-1|-1|-1|-1|-1|12|-1|17|-1|21|-1|-1|-1|19|21|20|16|-1|20|17|20|-1|16|27|-1|11|12|19|16|17|-1|18|-1|14|-1|-1|-1|20|-1|17|-1|23|-1|19|20|-1|-1|19|-1|17|-1|-1|17|-1|17|13|-1|-1|-1|-1|-1|-1|-1|16|-1|-1|-1|-1|-1|-1|30|-1|-1|-1|-1|16|-1|-1|19|17|-1|-1|15|28|14|15|13|14|18|-1|21|-1|-1|15|24|-1|-1|20|20|16|12|-1|18|21|17|-1|10|17|-1|25|-1|-1|18|16|14|-1|-1|-1|-1|-1|-1|22|14|-1|14|19|6|18|-1|-1|16|-1|-1|-1|-1|19|21|7|-1|-1|9|18|14|16|16|-1|-1|-1|-1|22|-1|-1|-1|-1|-1|16|-1|24|16|-1|14|14|-1|18|29|-1|19|16|18|18|-1|13|-1|-1|-1|15|21|-1|-1|21|32|14|-1|-1|-1|17|-1|19|20|14|16|-1|-1|-1|18|15|11|-1|19|12|20|-1|16|-1|12|8|-1|-1|-1|-1|27|-1|-1|-1|-1|0|1|-1|17|-1|18|10|22|-1|18|19|-1|-1|15|-1|12|-1|-1|-1|8|-1|-1|20|-1|3|23|-1|-1|4|20|-1|-1|16|-1|11|-1|-1|-1|-1|-1|-1|10|19|-1|-1|15|-1|-1|-1|-1|-1|13|9|-1|11|-1|-1|-1|24|-1|18|-1|20|-1|-1|19|16|8|10|27|19|15|22|20|-1|15|-1|-1|-1|20|-1|-1|18|-1|-1|-1|-1|13|17|-1|15|15|-1|-1|-1|8|-1|19|-1|-1|-1|20|-1|-1|41|-1|-1|-1|-1|20|-1|16|-1|-1|-1|21|18|-1|18|25|28|12|23|22|-1|20|-1|21|-1|-1|-1|-1|19|-1|-1|16|-1|20|-1|-1|-1|-1|-1|-1|-1|-1|-1|-1|-1|-1|-1|-1|-1|16|30|16|17|14|-1|19|15|-1|-1|-1|-1|18|13|20|-1|-1|-1|-1|15|17|-1|-1|-1|17|-1|-1|-1|11|-1|-1|24|-1|12|-1|21|9|-1|-1|-1|21|-1|-1|-1|-1,0|0|1|1|0|0|0|0|0|0|1|0|1|0|0|0|1|0|1|1|1|1|1|1|0|1|1|0|1|1|1|0|0|1|1|1|1|1|1|1|0|1|1|0|0|1|0|1|0|0|0|1|0|1|0|1|0|1|1|1|1|0|0|1|0|0|1|1|1|0|1|0|0|0|0|0|0|1|0|0|0|1|0|0|0|0|1|1|0|0|1|1|0|1|0|1|0|0|0|0|0|1|0|1|0|1|0|0|0|1|1|1|1|0|1|1|1|0|1|1|0|1|1|1|1|1|0|1|0|1|0|0|0|1|0|1|0|1|0|1|1|0|0|1|0|1|0|0|1|0|1|1|0|0|0|0|0|0|0|1|0|0|0|0|0|0|1|0|0|0|0|1|0|0|1|1|0|0|1|1|1|1|1|1|1|0|1|0|0|1|1|0|0|1|1|1|1|0|1|1|1|0|1|1|0|1|0|0|1|1|1|0|0|0|0|0|0|1|1|0|1|1|1|1|0|0|1|0|0|0|0|1|1|1|0|0|1|1|1|1|1|0|0|0|0|1|0|0|0|0|0|1|0|1|1|0|1|1|0|1|1|0|1|1|1|1|0|1|0|0|0|1|1|0|0|1|1|1|0|0|0|1|0|1|1|1|1|0|0|0|1|1|1|0|1|1|1|0|1|0|1|1|0|0|0|0|1|0|0|0|0|1|1|0|1|0|1|1|1|0|1|1|0|0|1|0|1|0|0|0|1|0|0|1|0|1|1|0|0|1|1|0|0|1|0|1|0|0|0|0|0|0|1|1|0|0|1|0|0|0|0|0|1|1|0|1|0|0|0|1|0|1|0|1|0|0|1|1|1|1|1|1|1|1|1|0|1|0|0|0|1|0|0|1|0|0|0|0|1|1|0|1|1|0|0|0|1|0|1|0|0|0|1|0|0|1|0|0|0|0|1|0|1|0|0|0|1|1|0|1|1|1|1|1|1|0|1|0|1|0|0|0|0|1|0|0|1|0|1|0|0|0|0|0|0|0|0|0|0|0|0|0|0|0|1|1|1|1|1|0|1|1|0|0|0|0|1|1|1|0|0|0|0|1|1|0|0|0|1|0|0|0|1|0|0|1|0|1|0|1|1|0|0|0|1|0|0|0|0,0|0|0|0|0|0|0|0|0|0|0|0|0|0|0|0|0|1|0|0|0|0|0|0|0|0|0|0|0|0|0|0|1|0|1|0|0|0|0|0|0|0|0|0|0|0|0|0|0|0|0|0|1|0|0|0|0|0|0|0|0|0|1|0|0|1|0|0|0|1|0|0|1|0|1|0|1|0|0|0|0|0|0|1|0|1|0|0|1|0|0|0|0|0|0|0|0|0|0|0|0|0|0|0|0|0|0|0|1|0|1|0|0|0|0|0|0|0|0|0|0|0|0|0|0|0|0|0|0|0|0|0|1|0|0|0|0|0|0|0|0|0|0|0|0|0|0|0|0|0|0|0|0|0|0|0|0|0|0|0|1|0|0|0|0|0|0|0|0|0|0|0|0|0|0|0|0|0|0|0|0|0|0|0|0|0|0|1|0|0|0|1|0|0|0|0|0|0|0|0|0|0|0|0|0|0|0|0|0|0|0|0|0|0|0|0|0|0|0|0|0|0|0|0|0|0|0|1|0|0|0|0|0|0|0|0|0|0|0|0|0|0|0|0|0|0|0|0|0|0|0|0|0|0|0|0|0|0|0|0|0|0|0|0|0|0|1|0|0|0|0|0|0|0|0|0|0|0|0|0|0|0|0|0|0|0|0|0|0|0|0|0|0|1|0|0|0|1|0|0|0|0|0|0|0|0|0|0|0|0|0|0|0|0|0|0|0|0|0|0|0|0|0|0|0|0|0|0|0|0|0|0|0|0|0|0|0|0|0|0|0|0|1|0|0|0|0|0|0|0|0|0|0|0|0|0|0|0|0|0|0|0|0|0|0|0|1|0|0|0|0|0|0|0|0|0|0|0|0|0|0|0|0|0|0|0|0|0|0|0|0|0|0|0|0|0|0|0|0|0|0|0|0|1|0|0|0|0|0|0|0|0|0|0|0|0|0|0|0|0|0|0|0|1|0|0|0|0|0|0|0|0|0|0|0|1|0|0|0|0|0|0|0|0|0|0|0|1|0|0|1|0|0|0|0|0|0|0|0|0|0|0|0|0|0|0|0|0|0|0|0|0|0|0|0|0|0|0|0|0|0|0|1|1|0|0|0|0|0|0|0|0|0|1|0|0|0|0|0|0|0|0|0|0|0|0|0|0|0,0.1,0.3,0.1,233,0.170923379174853
389,66,-1|-1|-1|11|-1|-1|-1|-1|-1|19|16|-1|15|19|27|-1|14|-1|-1|-1|-1|-1|15|13|18|-1|18|21|-1|-1|-1|11|11|-1|15|19|-1|11|20|-1|-1|18|17|-1|-1|-1|16|13|-1|-1|-1|-1|8|-1|17|14|-1|13|16|18|20|13|-1|-1|13|14|14|19|14|31|-1|-1|12|-1|16|13|-1|-1|19|-1|-1|-1|-1|-1|13|22|-1|12|15|-1|-1|12|23|13|32|18|-1|-1|-1|22|-1|17|18|23|22|15|-1|-1|-1|-1|-1|21|16|-1|-1|21|19|17|-1|22|-1|12|16|18|20|21|-1|-1|-1|14|21|26|13|-1|-1|14|12|17|-1|28|-1|-1|14|-1|-1|14|-1|25|15|15|-1|10|20|-1|-1|-1|-1|-1|-1|18|12|15|-1|16|14|-1|27|-1|34|-1|25|18|-1|23|-1|13|-1|12|12|25|-1|-1|-1|-1|13|-1|-1|-1|21|13|22|26|-1|-1|-1|-1|-1|15|16|-1|-1|14|11|-1|16|24|16|-1|-1|30|14|21|20|-1|-1|-1|-1|14|12|-1|12|22|17|-1|-1|-1|-1|-1|-1|-1|30|-1|-1|-1|15|-1|-1|13|12|13|14|-1|-1|22|16|16|-1|-1|18|23|-1|15|-1|-1|14|26|-1|19|-1|-1|26|-1|14|16|-1|16|-1|-1|21|-1|16|18|-1|25|15|20|19|17|16|-1|16|-1|-1|-1|-1|11|20|-1|20|-1|15|15|16|16|-1|17|16|13|21|13|20|-1|-1|17|32|15|25|23|-1|-1|-1|-1|-1|-1|-1|16|17|14|25|-1|25|16|-1|-1|19|14|13|14|-1|-1|15|-1|27|-1|-1|11|22|18|27|13|-1|13|-1|13|-1|21|-1|-1|-1|-1|27|18|21|17|17|-1|11|28|-1|-1|-1|-1|-1|-1|15|12|17|21|21|-1|-1|-1|17|-1|13|-1|12|12|-1|-1|18|-1|12|19|16|-1|-1|18|0|15|16|14|20|25|16|17|16|18|17|14|15|15|-1|-1|-1|-1|-1|-1|-1|22|-1|12|21|-1|13|15|-1|-1|31|-1|-1|17|20|24|17|-1|30|24|22|-1|-1|24|13|20|-1|20|21|24|-1|27|24|15|-1|15|-1|-1|27|-1|-1|14|27|16|-1|-1|-1|13|16|17|33|-1|19|-1|-1|13|-1|27|-1|-1|-1|-1|-1|15|-1|-1|-1|20|-1|-1|18|-1|-1|-1|-1|-1|-1|-1|28|-1|14|16|27|-1|-1|-1|17|25|18|-1|-1|19|-1|-1|-1|-1|-1|-1|28|-1|-1,0|0|0|1|0|0|0|0|0|1|1|0|1|1|1|0|1|0|0|0|0|0|1|1|1|0|1|1|0|0|0|1|1|0|1|1|0|1|1|0|0|1|1|0|0|0|1|1|0|0|0|0|1|0|1|1|0|1|1|1|1|1|0|0|1|1|1|1|1|1|0|0|1|0|1|1|0|0|1|0|0|0|0|0|1|1|0|1|1|0|0|1|1|1|1|1|0|0|0|1|0|1|1|1|1|1|0|0|0|0|0|1|1|0|0|1|1|1|0|1|0|1|1|1|1|1|0|0|0|1|1|1|1|0|0|1|1|1|0|1|0|0|1|0|0|1|0|1|1|1|0|1|1|0|0|0|0|0|0|1|1|1|0|1|1|0|1|0|1|0|1|1|0|1|0|1|0|1|1|1|0|0|0|0|1|0|0|0|1|1|1|1|0|0|0|0|0|1|1|0|0|1|1|0|1|1|1|0|0|1|1|1|1|0|0|0|0|1|1|0|1|1|1|0|0|0|0|0|0|0|1|0|0|0|1|0|0|1|1|1|1|0|0|1|1|1|0|0|1|1|0|1|0|0|1|1|0|1|0|0|1|0|1|1|0|1|0|0|1|0|1|1|0|1|1|1|1|1|1|0|1|0|0|0|0|1|1|0|1|0|1|1|1|1|0|1|1|1|1|1|1|0|0|1|1|1|1|1|0|0|0|0|0|0|0|1|1|1|1|0|1|1|0|0|1|1|1|1|0|0|1|0|1|0|0|1|1|1|1|1|0|1|0|1|0|1|0|0|0|0|1|1|1|1|1|0|1|1|0|0|0|0|0|0|1|1|1|1|1|0|0|0|1|0|1|0|1|1|0|0|1|0|1|1|1|0|0|1|1|1|1|1|1|1|1|1|1|1|1|1|1|1|0|0|0|0|0|0|0|1|0|1|1|0|1|1|0|0|1|0|0|1|1|1|1|0|1|1|1|0|0|1|1|1|0|1|1|1|0|1|1|1|0|1|0|0|1|0|0|1|1|1|0|0|0|1|1|1|1|0|1|0|0|1|0|1|0|0|0|0|0|1|0|0|0|1|0|0|1|0|0|0|0|0|0|0|1|0|1|1|1|0|0|0|1|1|1|0|0|1|0|0|0|0|0|0|1|0|0,0|0|0|0|0|0|0|0|0|0|0|0|0|0|0|0|0|0|0|0|0|0|0|0|0|0|0|0|0|0|0|0|0|0|0|0|0|0|0|0|0|0|0|0|1|0|0|0|0|0|0|0|0|1|0|0|0|0|0|0|0|0|0|0|0|0|0|0|0|0|0|0|0|0|0|0|0|0|0|0|0|0|0|0|0|0|1|0|0|0|0|0|0|0|0|0|1|0|0|0|0|0|0|0|0|0|0|0|0|0|0|0|0|0|0|0|0|0|1|0|0|0|0|0|0|0|0|0|0|0|0|0|0|0|0|0|0|0|0|0|1|0|0|0|0|0|0|0|0|0|0|0|0|0|1|0|0|0|0|0|0|0|0|0|0|0|0|0|0|0|0|0|0|0|0|0|0|0|0|0|1|0|1|0|0|0|0|0|0|0|0|0|0|0|0|0|0|0|0|1|0|0|0|0|0|0|0|0|0|0|0|0|0|0|0|0|0|0|0|0|0|0|0|0|0|0|1|0|0|0|0|0|0|0|0|0|0|0|0|0|0|0|1|0|0|0|0|1|0|0|0|0|0|0|0|0|0|0|0|0|0|1|0|0|0|0|0|1|0|0|0|0|1|0|0|0|0|0|0|1|0|0|0|0|0|0|0|0|0|0|0|1|0|0|0|0|0|0|0|0|0|0|1|0|0|0|0|0|0|1|0|0|0|0|0|0|0|0|0|0|0|0|0|1|0|0|0|0|0|0|0|0|0|1|0|0|0|0|0|0|0|0|0|0|0|0|0|0|0|0|0|0|0|0|0|0|0|0|0|0|0|0|0|0|0|0|0|0|0|0|1|0|0|1|0|1|0|0|0|1|0|0|0|0|0|0|0|0|0|0|0|0|0|0|0|0|0|0|0|0|0|0|0|0|0|0|1|0|0|0|1|0|0|1|0|0|0|1|0|0|0|0|0|0|0|0|0|0|0|0|0|0|0|0|0|0|0|0|0|0|0|0|0|0|0|0|0|1|0|0|0|0|0|0|0|0|0|0|0|0|0|0|0|0|0|0|0|0|0|0|0|0|0|0|0|0|0|0|0|0|0|0|0|0|0|0|0|0|0|0|0|0|0|0|0|0|0|1|1|0|0|0|0|0|1|0|0|0|0,0.1,0.3,0.1,264,0.151277013752456
168,59,-1|-1|-1|10|8|10|15|-1|-1|16|14|-1|9|11|-1|-1|10|18|9|24|-1|17|8|8|10|-1|17|18|-1|-1|-1|9|7|-1|17|-1|7|8|-1|20|18|-1|-1|12|8|-1|-1|12|11|11|10|-1|8|14|11|34|46|13|8|6|9|11|-1|17|12|11|-1|15|8|15|11|-1|11|7|10|11|15|47|11|13|-1|10|-1|-1|-1|-1|-1|5|11|9|-1|11|15|-1|19|22|11|8|7|-1|12|-1|17|14|-1|16|-1|14|13|8|9|-1|-1|25|-1|12|-1|-1|16|16|-1|6|-1|14|9|11|6|-1|-1|-1|-1|-1|8|-1|-1|8|-1|-1|-1|-1|-1|-1|17|13|-1|13|11|22|8|-1|38|7|-1|-1|-1|11|-1|15|-1|15|6|13|-1|12|-1|17|-1|0|-1|-1|16|9|10|11|-1|14|-1|8|-1|19|9|-1|2|7|11|11|19|-1|22|3|-1|-1|-1|-1|16|8|9|10|13|-1|-1|13|9|10|9|20|-1|-1|5|22|8|18|14|-1|-1|-1|-1|9|10|-1|9|15|-1|40|-1|-1|4|14|50|-1|16|-1|-1|-1|13|-1|8|7|10|36|7|-1|9|18|12|-1|15|-1|19|-1|9|15|10|20|6|-1|3|16|-1|-1|-1|-1|14|12|15|-1|17|10|-1|-1|-1|-1|-1|-1|-1|-1|-1|7|-1|-1|-1|-1|-1|44|12|5|5|25|-1|-1|-1|-1|14|-1|15|15|-1|10|9|-1|15|-1|-1|14|-1|11|19|14|12|-1|-1|13|12|14|20|12|10|7|19|-1|-1|13|-1|9|14|14|3|-1|-1|15|12|9|15|16|-1|11|10|-1|-1|-1|-1|8|8|14|-1|-1|9|12|11|20|-1|-1|-1|13|-1|13|10|-1|-1|-1|18|-1|10|-1|11|13|11|-1|12|-1|19|-1|20|-1|10|8|8|10|-1|8|-1|10|8|-1|-1|15|-1|-1|9|10|30|12|10|11|14|11|-1|-1|-1|13|10|-1|10|-1|-1|9|6|23|47|13|12|-1|16|9|-1|-1|-1|18|18|12|-1|17|11|16|-1|-1|-1|14|-1|18|-1|-1|-1|18|17|17|10|14|-1|-1|16|9|-1|14|-1|-1|-1|16|18|9|19|-1|41|-1|13|11|-1|-1|-1|-1|-1|-1|-1|9|-1|18|8|3|-1|8|-1|12|20|22|-1|20|9|12|14|-1|-1|-1|10|-1|7|-1|-1|-1|37|8|-1|-1|9|21|-1|-1|-1|22|-1|-1|-1|13|-1|-1|-1|-1|10|19|-1,0|0|0|1|1|1|1|0|0|1|1|0|1|1|0|0|1|1|1|1|0|1|1|1|1|0|1|1|0|0|0|1|1|0|1|0|1|1|0|1|1|0|0|1|1|0|0|1|1|1|1|0|1|1|1|1|1|1|1|1|1|1|0|1|1|1|0|1|1|1|1|0|1|1|1|1|1|1|1|1|0|1|0|0|0|0|0|1|1|1|0|1|1|0|1|1|1|1|1|0|1|0|1|1|0|1|0|1|1|1|1|0|0|1|0|1|0|0|1|1|0|1|0|1|1|1|1|0|0|0|0|0|1|0|0|1|0|0|0|0|0|0|1|1|0|1|1|1|1|0|1|1|0|0|0|1|0|1|0|1|1|1|0|1|0|1|0|1|0|0|1|1|1|1|0|1|0|1|0|1|1|0|1|1|1|1|1|0|1|1|0|0|0|0|1|1|1|1|1|0|0|1|1|1|1|1|0|0|1|1|1|1|1|0|0|0|0|1|1|0|1|1|0|1|0|0|1|1|1|0|1|0|0|0|1|0|1|1|1|1|1|0|1|1|1|0|1|0|1|0|1|1|1|1|1|0|1|1|0|0|0|0|1|1|1|0|1|1|0|0|0|0|0|0|0|0|0|1|0|0|0|0|0|1|1|1|1|1|0|0|0|0|1|0|1|1|0|1|1|0|1|0|0|1|0|1|1|1|1|0|0|1|1|1|1|1|1|1|1|0|0|1|0|1|1|1|1|0|0|1|1|1|1|1|0|1|1|0|0|0|0|1|1|1|0|0|1|1|1|1|0|0|0|1|0|1|1|0|0|0|1|0|1|0|1|1|1|0|1|0|1|0|1|0|1|1|1|1|0|1|0|1|1|0|0|1|0|0|1|1|1|1|1|1|1|1|0|0|0|1|1|0|1|0|0|1|1|1|1|1|1|0|1|1|0|0|0|1|1|1|0|1|1|1|0|0|0|1|0|1|0|0|0|1|1|1|1|1|0|0|1|1|0|1|0|0|0|1|1|1|1|0|1|0|1|1|0|0|0|0|0|0|0|1|0|1|1|1|0|1|0|1|1|1|0|1|1|1|1|0|0|0|1|0|1|0|0|0|1|1|0|0|1|1|0|0|0|1|0|0|0|1|0|0|0|0|1|1|0,0|0|1|0|0|0|0|0|0|0|0|1|0|0|1|0|0|0|0|0|1|0|0|0|0|0|0|0|0|0|0|0|0|0|0|0|0|0|0|0|0|0|0|0|0|0|0|0|0|0|0|0|0|0|0|0|0|0|0|1|0|0|0|0|1|0|0|0|0|0|0|0|0|0|0|0|0|0|0|0|0|0|0|0|0|1|0|0|0|0|1|0|0|0|0|0|0|0|0|0|0|1|0|0|1|0|0|0|0|0|0|0|0|0|0|0|0|0|0|0|0|0|0|0|0|0|0|0|0|1|0|1|0|0|0|0|1|0|0|0|0|0|0|0|0|0|0|0|0|0|0|0|0|0|0|0|0|0|0|0|0|0|0|0|0|0|0|0|0|0|0|0|0|0|0|0|0|0|1|0|0|1|0|0|0|0|0|0|0|0|0|1|0|1|0|0|0|0|0|0|0|0|0|0|0|0|1|0|0|0|0|0|0|1|0|0|0|0|0|0|0|0|0|0|0|0|0|0|0|0|0|0|0|0|0|0|0|0|0|0|0|0|0|0|0|0|0|0|0|1|0|0|0|0|0|0|0|0|0|0|0|1|0|1|0|1|0|0|0|0|0|0|1|0|0|0|0|0|0|0|0|0|0|0|0|0|0|0|0|0|1|1|0|0|0|0|0|0|0|0|0|0|0|0|0|0|0|0|0|1|0|0|0|0|0|0|1|0|0|0|0|0|0|0|0|0|0|0|0|0|0|0|0|0|0|0|0|1|0|1|0|0|0|0|0|1|0|0|0|0|0|0|0|0|0|0|0|0|0|0|0|0|0|0|0|0|0|0|0|0|0|0|0|0|0|0|0|0|0|0|0|0|0|0|0|0|0|0|0|0|0|0|0|0|0|0|0|0|0|0|0|0|0|0|0|0|0|0|0|0|0|0|0|0|0|0|0|0|0|0|0|0|0|0|0|0|0|0|1|0|0|0|1|0|0|0|0|0|0|0|0|0|0|0|0|1|1|0|0|0|0|0|0|0|0|0|0|0|0|0|1|0|0|0|0|0|0|0|0|0|0|0|0|0|0|0|0|0|0|0|0|0|0|1|0|0|0|0|0|0|0|0|0|0|0|0|0|0|0|0|0|0|0|0|0|0|0|0|0,0.1,0.3,0.1,291,0.18467583497053
22,26,-1|-1|-1|-1|-1|-1|-1|-1|-1|-1|-1|-1|-1|-1|-1|-1|-1|-1|-1|-1|-1|0|-1|-1|-1|-1|-1|-1|-1|-1|-1|-1|-1|-1|-1|-1|-1|-1|-1|-1|-1|-1|-1|-1|-1|-1|-1|-1|-1|-1|-1|-1|-1|-1|-1|-1|-1|-1|-1|-1|-1|-1|-1|-1|-1|-1|-1|-1|-1|-1|-1|-1|-1|-1|-1|-1|-1|-1|-1|-1|-1|-1|-1|-1|-1|-1|-1|-1|-1|-1|-1|-1|-1|-1|-1|-1|-1|-1|-1|-1|-1|-1|-1|-1|-1|-1|-1|-1|-1|-1|-1|-1|-1|-1|-1|-1|-1|-1|-1|-1|-1|-1|-1|-1|-1|-1|-1|-1|-1|-1|-1|-1|-1|-1|-1|-1|-1|-1|-1|-1|-1|-1|-1|-1|-1|-1|-1|-1|-1|-1|-1|-1|-1|-1|-1|-1|-1|-1|-1|-1|-1|-1|-1|-1|-1|-1|-1|-1|-1|-1|-1|-1|-1|-1|-1|-1|-1|-1|-1|-1|-1|-1|-1|-1|-1|-1|-1|1|-1|-1|-1|-1|-1|-1|-1|-1|-1|-1|-1|-1|-1|-1|-1|-1|-1|-1|-1|-1|-1|-1|-1|-1|-1|-1|2|-1|-1|-1|-1|-1|-1|-1|-1|-1|-1|-1|-1|-1|-1|-1|-1|-1|-1|-1|-1|-1|-1|-1|-1|-1|-1|-1|-1|-1|-1|-1|-1|-1|-1|-1|-1|-1|-1|-1|-1|-1|-1|-1|-1|-1|-1|9|-1|-1|-1|-1|-1|-1|-1|-1|-1|-1|-1|-1|-1|-1|-1|-1|-1|-1|-1|-1|-1|-1|-1|-1|-1|-1|-1|-1|-1|-1|-1|-1|-1|-1|-1|-1|-1|-1|-1|-1|-1|-1|-1|-1|-1|-1|-1|-1|-1|-1|-1|-1|-1|-1|-1|-1|-1|-1|-1|-1|-1|-1|-1|-1|-1|-1|-1|-1|-1|-1|-1|-1|-1|-1|-1|-1|-1|-1|-1|-1|-1|-1|-1|-1|-1|-1|-1|-1|-1|-1|-1|-1|-1|-1|-1|-1|-1|-1|-1|-1|-1|-1|-1|-1|-1|-1|-1|-1|-1|-1|-1|-1|-1|-1|-1|-1|-1|-1|-1|-1|-1|-1|-1|-1|-1|-1|-1|-1|-1|-1|-1|-1|-1|-1|-1|-1|-1|-1|-1|-1|-1|-1|-1|-1|-1|-1|-1|-1|-1|-1|-1|-1|-1|-1|-1|-1|-1|-1|-1|-1|-1|-1|-1|-1|-1|-1|-1|-1|-1|-1|-1|-1|-1|-1|-1|-1|-1|-1|-1|-1|-1|-1|-1|-1|-1|-1|-1|-1|-1|-1|-1|-1|-1|-1|-1|-1|-1|-1|-1|-1|-1|-1|-1|-1|-1|-1|-1|-1|-1|-1|-1|-1|-1|-1|-1|-1|-1|-1|-1|-1|-1|-1|-1|-1|-1|-1|-1|-1|-1|-1|-1|-1|-1|-1|-1|-1|-1|-1|-1|-1|-1|-1|-1|-1|-1|-1|-1,0|0|0|0|0|0|0|0|0|0|0|0|0|0|0|0|0|0|0|0|0|1|0|0|0|0|0|0|0|0|0|0|0|0|0|0|0|0|0|0|0|0|0|0|0|0|0|0|0|0|0|0|0|0|0|0|0|0|0|0|0|0|0|0|0|0|0|0|0|0|0|0|0|0|0|0|0|0|0|0|0|0|0|0|0|0|0|0|0|0|0|0|0|0|0|0|0|0|0|0|0|0|0|0|0|0|0|0|0|0|0|0|0|0|0|0|0|0|0|0|0|0|0|0|0|0|0|0|0|0|0|0|0|0|0|0|0|0|0|0|0|0|0|0|0|0|0|0|0|0|0|0|0|0|0|0|0|0|0|0|0|0|0|0|0|0|0|0|0|0|0|0|0|0|0|0|0|0|0|0|0|0|0|0|0|0|0|1|0|0|0|0|0|0|0|0|0|0|0|0|0|0|0|0|0|0|0|0|0|0|0|0|0|0|1|0|0|0|0|0|0|0|0|0|0|0|0|0|0|0|0|0|0|0|0|0|0|0|0|0|0|0|0|0|0|0|0|0|0|0|0|0|0|0|0|0|0|0|0|0|0|1|0|0|0|0|0|0|0|0|0|0|0|0|0|0|0|0|0|0|0|0|0|0|0|0|0|0|0|0|0|0|0|0|0|0|0|0|0|0|0|0|0|0|0|0|0|0|0|0|0|0|0|0|0|0|0|0|0|0|0|0|0|0|0|0|0|0|0|0|0|0|0|0|0|0|0|0|0|0|0|0|0|0|0|0|0|0|0|0|0|0|0|0|0|0|0|0|0|0|0|0|0|0|0|0|0|0|0|0|0|0|0|0|0|0|0|0|0|0|0|0|0|0|0|0|0|0|0|0|0|0|0|0|0|0|0|0|0|0|0|0|0|0|0|0|0|0|0|0|0|0|0|0|0|0|0|0|0|0|0|0|0|0|0|0|0|0|0|0|0|0|0|0|0|0|0|0|0|0|0|0|0|0|0|0|0|0|0|0|0|0|0|0|0|0|0|0|0|0|0|0|0|0|0|0|0|0|0|0|0|0|0|0|0|0|0|0|0|0|0|0|0|0|0|0|0|0|0|0|0|0|0|0|0|0|0|0|0|0|0|0|0|0|0|0|0|0|0,0|0|0|0|0|0|0|0|0|0|0|0|0|0|0|0|0|0|0|0|0|0|0|0|0|0|0|0|0|0|0|0|0|0|0|0|0|0|0|0|0|0|0|0|0|0|0|0|0|0|0|0|0|1|0|0|0|0|0|0|0|0|0|0|0|0|0|0|0|0|0|0|0|0|0|0|0|0|0|0|0|0|0|0|0|0|0|0|0|0|0|0|0|0|0|0|0|0|0|0|0|0|0|0|0|0|0|0|0|0|0|0|0|0|0|0|0|0|0|0|0|0|0|0|0|0|0|0|0|0|0|0|0|0|0|0|0|0|0|0|0|0|0|0|0|0|0|0|0|0|0|0|0|0|0|0|0|0|0|0|0|0|0|0|0|0|0|0|0|0|0|0|0|0|0|0|0|0|0|0|0|0|0|0|0|0|0|0|0|0|0|0|0|0|0|0|0|0|0|0|0|0|0|0|0|0|0|0|0|0|0|0|0|0|0|0|0|0|0|0|0|0|0|0|0|0|0|0|0|0|0|0|0|0|0|0|0|0|0|0|0|0|0|0|0|0|0|0|0|0|0|0|0|0|0|0|0|0|0|0|0|0|0|0|0|0|0|0|0|0|0|0|0|0|0|0|0|0|0|0|0|0|0|0|0|0|0|0|0|0|0|0|0|0|0|0|0|0|0|0|0|0|0|0|0|0|0|0|0|0|0|0|0|0|0|0|0|0|0|0|0|0|0|0|0|0|0|0|0|0|0|0|0|0|0|0|0|0|0|0|0|0|0|0|0|0|0|0|0|0|0|0|0|0|0|0|0|0|0|0|0|0|0|0|0|0|0|0|0|0|0|0|0|0|0|0|0|0|0|0|0|0|0|0|0|0|0|0|0|0|0|0|0|0|0|0|0|0|0|0|0|0|0|0|0|0|0|0|0|0|0|0|0|0|0|0|0|0|0|0|0|0|0|0|0|0|0|0|0|0|0|0|0|0|0|0|0|0|0|0|0|0|0|0|0|0|0|0|0|0|0|0|0|0|0|0|0|0|0|0|0|0|0|0|0|0|0|0|0|0|0|0|0|0|0|0|0|0|0|0|0|0|0|0|0|0|0|0|0|0|0|0|0|0|0|0|0|0|0|0|0|0|0|0|0|0|0|0|0,0.1,0.3,0.1,4,0.00589390962671906
349,55,12|27|10|11|12|3|18|-1|-1|10|9|-1|-1|-1|-1|-1|10|11|4|-1|-1|17|12|11|29|-1|-1|-1|10|13|-1|11|6|12|17|-1|-1|8|-1|-1|-1|21|20|-1|14|13|-1|8|-1|12|9|14|8|14|14|-1|-1|12|15|10|22|-1|-1|-1|-1|14|12|-1|7|20|16|-1|13|7|15|14|10|-1|20|-1|-1|17|-1|21|-1|12|-1|10|9|8|11|-1|19|11|-1|-1|11|12|11|-1|10|9|12|-1|-1|-1|-1|23|-1|19|17|-1|10|-1|-1|-1|14|-1|14|-1|-1|12|-1|13|-1|-1|-1|-1|-1|9|-1|15|13|19|-1|12|10|-1|-1|19|21|-1|12|11|26|15|-1|20|11|8|-1|7|-1|-1|-1|14|-1|-1|-1|14|13|-1|16|12|12|14|-1|-1|-1|-1|13|-1|-1|16|20|9|18|-1|-1|28|9|10|8|11|9|-1|-1|18|-1|9|-1|-1|-1|15|20|-1|12|17|13|-1|-1|10|6|15|14|-1|-1|-1|-1|-1|13|12|-1|-1|15|-1|-1|-1|8|24|13|20|8|-1|-1|30|12|8|-1|-1|24|17|16|10|-1|-1|5|-1|15|-1|13|-1|-1|12|-1|-1|-1|-1|-1|16|-1|11|16|18|12|-1|13|9|31|-1|-1|11|-1|-1|17|15|25|12|-1|-1|17|-1|-1|-1|-1|20|-1|12|16|15|18|13|12|-1|17|8|14|-1|17|25|-1|9|-1|-1|14|12|20|8|15|13|8|11|-1|-1|-1|14|28|21|17|-1|26|19|14|11|19|-1|16|10|-1|-1|-1|10|-1|-1|-1|-1|10|-1|-1|-1|18|13|10|24|9|10|-1|-1|-1|14|-1|8|-1|-1|11|8|13|8|0|-1|-1|10|-1|15|-1|13|-1|-1|-1|-1|12|16|-1|-1|9|7|14|30|-1|-1|-1|-1|-1|-1|13|-1|8|7|-1|11|-1|19|-1|18|19|-1|11|-1|9|13|-1|15|16|23|-1|-1|-1|-1|13|-1|9|-1|8|17|-1|-1|6|-1|-1|18|-1|-1|14|13|-1|11|15|21|-1|-1|15|11|13|-1|-1|-1|-1|-1|-1|15|-1|-1|-1|-1|15|10|-1|-1|-1|-1|14|15|15|16|-1|-1|16|17|-1|-1|21|-1|-1|-1|-1|14|16|17|-1|-1|-1|-1|-1|-1|-1|25|13|9|-1|12|11|11|-1|-1|-1|-1|16|13|14|-1|-1|-1|-1|14|-1|-1|-1|9|22|16|-1|-1|13|24|-1|-1|14|-1|13|22|12|16|19|29|-1|-1|9|25|-1,1|1|1|1|1|1|1|0|0|1|1|0|0|0|0|0|1|1|1|0|0|1|1|1|1|0|0|0|1|1|0|1|1|1|1|0|0|1|0|0|0|1|1|0|1|1|0|1|0|1|1|1|1|1|1|0|0|1|1|1|1|0|0|0|0|1|1|0|1|1|1|0|1|1|1|1|1|0|1|0|0|1|0|1|0|1|0|1|1|1|1|0|1|1|0|0|1|1|1|0|1|1|1|0|0|0|0|1|0|1|1|0|1|0|0|0|1|0|1|0|0|1|0|1|0|0|0|0|0|1|0|1|1|1|0|1|1|0|0|1|1|0|1|1|1|1|0|1|1|1|0|1|0|0|0|1|0|0|0|1|1|0|1|1|1|1|0|0|0|0|1|0|0|1|1|1|1|0|0|1|1|1|1|1|1|0|0|1|0|1|0|0|0|1|1|0|1|1|1|0|0|1|1|1|1|0|0|0|0|0|1|1|0|0|1|0|0|0|1|1|1|1|1|0|0|1|1|1|0|0|1|1|1|1|0|0|1|0|1|0|1|0|0|1|0|0|0|0|0|1|0|1|1|1|1|0|1|1|1|0|0|1|0|0|1|1|1|1|0|0|1|0|0|0|0|1|0|1|1|1|1|1|1|0|1|1|1|0|1|1|0|1|0|0|1|1|1|1|1|1|1|1|0|0|0|1|1|1|1|0|1|1|1|1|1|0|1|1|0|0|0|1|0|0|0|0|1|0|0|0|1|1|1|1|1|1|0|0|0|1|0|1|0|0|1|1|1|1|1|0|0|1|0|1|0|1|0|0|0|0|1|1|0|0|1|1|1|1|0|0|0|0|0|0|1|0|1|1|0|1|0|1|0|1|1|0|1|0|1|1|0|1|1|1|0|0|0|0|1|0|1|0|1|1|0|0|1|0|0|1|0|0|1|1|0|1|1|1|0|0|1|1|1|0|0|0|0|0|0|1|0|0|0|0|1|1|0|0|0|0|1|1|1|1|0|0|1|1|0|0|1|0|0|0|0|1|1|1|0|0|0|0|0|0|0|1|1|1|0|1|1|1|0|0|0|0|1|1|1|0|0|0|0|1|0|0|0|1|1|1|0|0|1|1|0|0|1|0|1|1|1|1|1|1|0|0|1|1|0,0|0|0|0|0|0|0|0|0|0|0|0|1|0|0|0|0|0|0|0|0|0|0|0|0|0|0|0|0|0|0|0|0|0|0|0|1|0|0|0|0|0|0|0|0|0|0|0|0|0|0|0|0|0|0|0|0|0|0|0|0|0|0|0|0|0|0|0|0|0|0|0|0|0|0|0|0|0|0|0|0|0|0|0|0|0|0|0|0|0|0|0|0|0|0|0|0|0|0|0|0|0|0|0|0|1|0|0|1|0|0|0|0|1|0|0|0|0|0|0|0|0|1|0|1|0|0|0|1|0|0|0|0|0|0|0|0|0|0|0|0|0|0|0|0|0|0|0|0|0|0|0|0|0|0|0|0|0|0|0|0|1|0|0|0|0|0|0|0|0|0|1|0|0|0|0|0|0|1|0|0|0|0|0|0|0|0|0|0|0|0|0|0|0|0|1|0|0|0|0|0|0|0|0|0|1|1|0|0|1|0|0|1|0|0|0|0|1|0|0|0|0|0|0|0|0|0|0|0|0|0|0|0|0|0|0|0|1|0|1|0|0|1|0|0|0|0|1|0|0|0|0|0|0|0|0|0|0|0|0|0|0|1|0|0|0|0|0|0|0|0|1|0|0|0|0|0|0|0|0|0|0|0|0|0|0|0|0|0|0|0|0|1|0|0|0|0|0|0|0|0|0|0|0|0|0|0|0|0|0|0|0|0|0|0|0|0|0|0|0|0|0|0|1|1|0|0|1|0|1|0|0|0|0|0|0|0|0|0|0|0|0|1|1|0|0|0|0|0|0|0|0|1|0|0|0|1|0|0|0|0|0|1|0|0|0|0|0|0|0|0|0|1|0|0|0|0|0|0|0|0|0|0|0|0|0|0|0|0|0|0|0|0|0|0|0|0|0|0|0|0|0|0|0|0|0|0|0|0|0|0|0|0|0|0|0|0|0|0|0|0|0|0|0|0|0|0|0|0|0|0|0|0|0|0|0|0|0|0|0|0|0|0|0|0|0|0|0|1|0|0|0|0|0|0|0|0|0|0|0|0|0|0|0|0|0|0|0|1|0|0|0|0|0|0|0|0|0|0|0|0|0|0|0|0|0|0|0|0|0|1|0|0|0|0|0|0|0|0|0|0|0|0|0|0|0|0|0|0,0.1,0.3,0.1,270,0.161100196463654
208,68,35|-1|26|20|-1|27|-1|-1|-1|18|15|27|19|33|31|-1|-1|19|28|-1|32|-1|26|25|28|25|27|30|26|27|30|28|22|-1|-1|33|-1|22|26|-1|-1|-1|-1|-1|24|23|22|23|-1|35|29|29|26|21|-1|29|26|-1|28|26|-1|27|25|28|25|28|24|30|18|-1|26|-1|-1|25|23|24|-1|31|30|30|2|28|26|-1|-1|34|31|24|25|28|20|19|35|22|-1|-1|21|24|23|-1|40|-1|36|-1|23|29|-1|-1|-1|-1|-1|-1|32|31|-1|29|32|-1|23|35|25|20|21|35|29|27|27|-1|-1|24|-1|-1|-1|-1|27|27|25|29|-1|-1|-1|21|23|33|-1|25|-1|-1|-1|20|25|21|-1|-1|-1|38|19|-1|36|37|21|-1|31|20|23|20|-1|25|-1|-1|-1|29|-1|32|-1|-1|26|26|22|-1|21|-1|24|-1|29|-1|-1|31|-1|24|-1|-1|-1|-1|-1|-1|27|-1|26|-1|-1|26|20|-1|24|-1|34|0|27|-1|21|25|33|31|29|24|-1|24|21|-1|22|-1|23|27|27|-1|26|-1|27|-1|-1|-1|38|-1|-1|-1|25|25|22|24|26|-1|22|24|28|26|-1|-1|-1|35|-1|20|29|-1|25|-1|-1|-1|-1|26|-1|27|27|20|-1|34|29|21|-1|-1|-1|25|-1|30|26|-1|30|23|23|29|-1|24|27|28|28|23|27|-1|-1|-1|24|25|-1|-1|-1|-1|-1|17|28|22|24|-1|4|25|-1|18|-1|33|-1|26|-1|-1|-1|25|26|32|32|27|-1|-1|28|17|-1|24|23|27|22|23|-1|25|24|-1|-1|28|30|-1|30|15|-1|22|26|24|-1|-1|28|19|-1|26|32|-1|-1|16|17|29|13|25|18|-1|-1|-1|22|22|31|-1|29|-1|25|35|-1|-1|30|32|24|28|26|27|30|22|26|26|27|-1|23|25|-1|26|22|24|34|-1|30|-1|31|-1|-1|29|26|30|-1|23|-1|21|-1|-1|-1|28|24|-1|35|31|27|24|35|36|25|26|-1|-1|-1|-1|-1|33|27|-1|22|-1|28|-1|-1|25|-1|-1|-1|36|-1|26|31|30|-1|-1|39|-1|29|26|30|26|-1|24|-1|-1|-1|21|27|-1|-1|22|24|-1|-1|-1|31|-1|-1|-1|-1|-1|-1|27|25|-1|30|-1|-1|-1|-1|-1|-1|24|28|37|37|-1|27|-1|26|30|-1|-1|-1|-1|31|-1|28|-1|-1|-1|30|-1|-1|-1|-1|20|-1|-1|29|-1|25|-1|31,1|0|1|1|0|1|0|0|0|1|1|1|1|1|1|0|0|1|1|0|1|0|1|1|1|1|1|1|1|1|1|1|1|0|0|1|0|1|1|0|0|0|0|0|1|1|1|1|0|1|1|1|1|1|0|1|1|0|1|1|0|1|1|1|1|1|1|1|1|0|1|0|0|1|1|1|0|1|1|1|1|1|1|0|0|1|1|1|1|1|1|1|1|1|0|0|1|1|1|0|1|0|1|0|1|1|0|0|0|0|0|0|1|1|0|1|1|0|1|1|1|1|1|1|1|1|1|0|0|1|0|0|0|0|1|1|1|1|0|0|0|1|1|1|0|1|0|0|0|1|1|1|0|0|0|1|1|0|1|1|1|0|1|1|1|1|0|1|0|0|0|1|0|1|0|0|1|1|1|0|1|0|1|0|1|0|0|1|0|1|0|0|0|0|0|0|1|0|1|0|0|1|1|0|1|0|1|1|1|0|1|1|1|1|1|1|0|1|1|0|1|0|1|1|1|0|1|0|1|0|0|0|1|0|0|0|1|1|1|1|1|0|1|1|1|1|0|0|0|1|0|1|1|0|1|0|0|0|0|1|0|1|1|1|0|1|1|1|0|0|0|1|0|1|1|0|1|1|1|1|0|1|1|1|1|1|1|0|0|0|1|1|0|0|0|0|0|1|1|1|1|0|1|1|0|1|0|1|0|1|0|0|0|1|1|1|1|1|0|0|1|1|0|1|1|1|1|1|0|1|1|0|0|1|1|0|1|1|0|1|1|1|0|0|1|1|0|1|1|0|0|1|1|1|1|1|1|0|0|0|1|1|1|0|1|0|1|1|0|0|1|1|1|1|1|1|1|1|1|1|1|0|1|1|0|1|1|1|1|0|1|0|1|0|0|1|1|1|0|1|0|1|0|0|0|1|1|0|1|1|1|1|1|1|1|1|0|0|0|0|0|1|1|0|1|0|1|0|0|1|0|0|0|1|0|1|1|1|0|0|1|0|1|1|1|1|0|1|0|0|0|1|1|0|0|1|1|0|0|0|1|0|0|0|0|0|0|1|1|0|1|0|0|0|0|0|0|1|1|1|1|0|1|0|1|1|0|0|0|0|1|0|1|0|0|0|1|0|0|0|0|1|0|0|1|0|1|0|1,0|0|0|0|0|0|0|0|0|0|0|0|0|0|0|0|0|0|1|0|0|1|0|0|0|0|0|0|0|0|0|0|0|0|0|0|0|0|0|0|0|0|0|0|0|0|0|0|0|0|0|0|0|0|0|0|0|0|0|1|0|0|0|0|0|0|0|0|0|0|0|0|0|0|0|0|0|0|0|0|0|0|0|0|0|0|0|0|0|0|0|0|0|0|0|0|0|0|0|0|0|1|0|0|0|0|0|0|0|0|0|0|0|0|0|0|0|0|0|0|0|0|0|0|0|0|0|0|0|0|0|0|1|1|0|0|0|0|0|0|0|0|0|0|0|0|0|0|1|0|0|0|0|0|0|0|0|0|0|0|0|0|0|0|0|0|0|0|0|0|0|0|1|0|0|0|0|0|0|0|0|0|0|1|0|0|0|0|0|0|1|0|0|0|0|1|0|0|0|0|0|0|0|0|0|0|0|0|0|0|0|0|0|0|0|0|0|0|0|0|0|0|0|0|0|0|0|1|0|0|0|0|0|1|0|0|0|0|0|0|0|0|0|0|0|0|0|0|0|0|1|0|0|0|0|1|0|1|0|0|0|0|0|0|0|0|0|0|0|0|0|0|0|0|0|0|0|0|0|0|0|0|0|0|0|0|0|0|0|0|0|0|1|0|1|1|0|0|0|0|0|0|0|0|0|0|0|0|0|0|0|0|0|0|0|0|0|0|0|0|0|0|0|0|0|0|0|0|0|0|0|0|0|0|0|1|0|0|0|0|0|0|1|1|0|0|0|0|0|0|0|0|0|0|0|0|0|0|0|0|0|0|0|0|0|1|0|0|1|0|0|0|0|0|0|0|0|0|0|0|0|0|0|0|0|0|0|0|0|0|0|0|1|0|1|0|0|0|0|0|0|0|0|0|0|0|0|0|0|0|0|0|0|0|0|0|0|0|0|0|1|0|0|0|0|0|0|0|0|0|0|0|0|0|0|0|0|0|0|0|0|0|0|0|0|0|0|0|0|1|0|0|0|0|0|0|0|0|0|0|0|0|0|0|1|0|0|0|0|0|0|1|0|0|0|0|0|0|0|0|0|0|0|0|0|0|0|0|0|0|0|0|0|0|0|0|0|0|0|0|0|0|0|0|0|0|0|0|0,0.1,0.3,0.1,294,0.19056974459725
334,26,-1|-1|-1|-1|-1|-1|-1|-1|-1|-1|-1|-1|-1|-1|-1|-1|-1|-1|-1|9|-1|-1|-1|-1|-1|-1|-1|-1|-1|-1|-1|-1|-1|-1|-1|-1|-1|-1|-1|-1|-1|-1|-1|-1|-1|-1|-1|-1|-1|-1|-1|-1|-1|-1|-1|-1|-1|-1|-1|-1|-1|-1|-1|-1|-1|-1|-1|-1|-1|-1|-1|-1|-1|-1|-1|-1|-1|-1|-1|-1|-1|-1|-1|-1|-1|-1|-1|-1|-1|-1|-1|-1|-1|-1|-1|-1|-1|-1|-1|-1|-1|-1|-1|-1|-1|-1|-1|-1|-1|-1|-1|-1|-1|-1|-1|-1|-1|-1|-1|-1|-1|-1|-1|-1|-1|-1|-1|-1|-1|-1|-1|11|-1|-1|-1|-1|-1|-1|-1|-1|-1|-1|-1|-1|-1|-1|-1|6|-1|-1|-1|-1|-1|-1|-1|-1|-1|-1|-1|-1|-1|-1|-1|-1|-1|-1|-1|-1|-1|-1|12|-1|-1|-1|-1|-1|-1|-1|-1|-1|-1|-1|-1|-1|-1|-1|-1|-1|-1|-1|-1|-1|-1|-1|-1|-1|-1|-1|-1|-1|-1|-1|-1|-1|-1|-1|-1|-1|-1|6|-1|-1|-1|-1|-1|-1|-1|-1|-1|-1|-1|-1|-1|-1|-1|-1|-1|-1|-1|-1|-1|-1|-1|-1|-1|-1|-1|-1|-1|-1|-1|-1|-1|-1|-1|-1|-1|-1|-1|-1|-1|-1|-1|-1|-1|-1|-1|-1|-1|-1|-1|-1|-1|-1|-1|-1|8|-1|-1|-1|-1|-1|-1|-1|-1|-1|-1|-1|-1|-1|-1|-1|-1|-1|-1|-1|-1|-1|-1|-1|-1|-1|-1|-1|-1|-1|-1|-1|-1|-1|-1|-1|-1|-1|-1|-1|-1|-1|-1|-1|-1|-1|-1|-1|-1|-1|-1|-1|-1|-1|-1|-1|-1|-1|-1|-1|-1|-1|-1|-1|-1|-1|-1|0|-1|-1|-1|-1|-1|-1|-1|-1|-1|-1|-1|-1|-1|-1|-1|-1|-1|-1|-1|-1|-1|-1|-1|-1|-1|-1|-1|-1|-1|13|-1|-1|-1|-1|-1|-1|-1|-1|-1|-1|-1|-1|-1|-1|-1|-1|-1|-1|-1|-1|-1|-1|-1|-1|-1|-1|-1|-1|-1|-1|-1|-1|-1|-1|-1|-1|-1|-1|-1|-1|-1|-1|-1|-1|-1|-1|-1|-1|-1|-1|-1|-1|-1|-1|-1|-1|-1|-1|-1|-1|-1|-1|-1|-1|-1|-1|-1|-1|-1|-1|-1|-1|-1|-1|-1|17|10|-1|-1|-1|-1|-1|-1|-1|-1|-1|3|-1|-1|-1|-1|-1|-1|-1|-1|-1|-1|-1|-1|-1|-1|-1|-1|-1|-1|-1|-1|-1|-1|-1|-1|-1|-1|-1|-1|-1|-1|-1|-1|-1|-1|-1|-1|-1|-1|-1|-1|-1|-1|-1|-1|-1|-1|-1|-1|-1|-1|-1|-1|-1|-1|-1|-1|3|-1,0|0|0|0|0|0|0|0|0|0|0|0|0|0|0|0|0|0|0|1|0|0|0|0|0|0|0|0|0|0|0|0|0|0|0|0|0|0|0|0|0|0|0|0|0|0|0|0|0|0|0|0|0|0|0|0|0|0|0|0|0|0|0|0|0|0|0|0|0|0|0|0|0|0|0|0|0|0|0|0|0|0|0|0|0|0|0|0|0|0|0|0|0|0|0|0|0|0|0|0|0|0|0|0|0|0|0|0|0|0|0|0|0|0|0|0|0|0|0|0|0|0|0|0|0|0|0|0|0|0|0|1|0|0|0|0|0|0|0|0|0|0|0|0|0|0|0|1|0|0|0|0|0|0|0|0|0|0|0|0|0|0|0|0|0|0|0|0|0|0|1|0|0|0|0|0|0|0|0|0|0|0|0|0|0|0|0|0|0|0|0|0|0|0|0|0|0|0|0|0|0|0|0|0|0|0|0|0|0|1|0|0|0|0|0|0|0|0|0|0|0|0|0|0|0|0|0|0|0|0|0|0|0|0|0|0|0|0|0|0|0|0|0|0|0|0|0|0|0|0|0|0|0|0|0|0|0|0|0|0|0|0|0|0|0|0|1|0|0|0|0|0|0|0|0|0|0|0|0|0|0|0|0|0|0|0|0|0|0|0|0|0|0|0|0|0|0|0|0|0|0|0|0|0|0|0|0|0|0|0|0|0|0|0|0|0|0|0|0|0|0|0|0|0|0|0|0|0|0|0|0|0|0|1|0|0|0|0|0|0|0|0|0|0|0|0|0|0|0|0|0|0|0|0|0|0|0|0|0|0|0|0|0|1|0|0|0|0|0|0|0|0|0|0|0|0|0|0|0|0|0|0|0|0|0|0|0|0|0|0|0|0|0|0|0|0|0|0|0|0|0|0|0|0|0|0|0|0|0|0|0|0|0|0|0|0|0|0|0|0|0|0|0|0|0|0|0|0|0|0|0|0|0|0|0|0|0|0|0|1|1|0|0|0|0|0|0|0|0|0|1|0|0|0|0|0|0|0|0|0|0|0|0|0|0|0|0|0|0|0|0|0|0|0|0|0|0|0|0|0|0|0|0|0|0|0|0|0|0|0|0|0|0|0|0|0|0|0|0|0|0|0|0|0|0|0|0|1|0,0|0|0|0|0|0|0|0|0|0|0|0|0|0|0|0|0|0|0|0|0|0|0|0|0|0|0|0|0|0|0|0|0|0|0|0|0|0|0|0|0|0|0|0|0|0|0|0|0|0|0|0|0|0|0|0|0|0|0|0|0|0|0|0|0|0|0|0|0|0|0|0|0|0|0|0|0|0|0|0|0|0|0|0|0|0|0|0|0|0|0|0|0|0|0|0|0|0|0|0|0|0|0|0|0|0|0|0|0|0|0|0|0|0|0|0|0|0|0|0|0|0|0|0|0|0|0|0|0|0|0|0|0|0|0|0|0|0|0|0|0|0|0|0|0|0|0|0|0|0|0|0|0|0|0|0|0|0|0|0|0|0|0|0|0|0|0|0|0|0|0|0|0|0|0|0|0|0|0|0|0|0|0|0|0|0|0|0|0|0|0|0|0|0|0|0|0|0|0|0|0|0|0|0|0|0|0|0|0|0|0|0|0|0|0|0|0|0|0|0|0|0|0|0|0|0|0|0|0|0|0|0|0|0|0|0|0|0|0|0|0|0|0|0|0|0|0|0|0|0|0|0|0|0|0|0|0|0|0|0|0|0|1|0|0|0|0|0|0|0|0|0|0|0|0|0|0|0|0|0|0|0|0|0|0|0|0|0|0|0|0|0|0|0|0|0|0|0|0|0|0|0|0|0|0|0|0|0|0|0|0|0|0|0|0|0|0|0|0|0|0|0|0|0|0|0|0|0|0|0|0|0|0|0|0|0|0|0|0|0|0|0|0|0|0|0|0|0|0|0|0|0|0|0|0|0|0|0|0|0|0|0|0|0|0|0|0|0|0|0|0|0|0|0|0|0|0|0|0|0|0|0|0|0|0|0|0|0|0|0|0|0|0|0|0|0|0|0|0|0|0|0|0|0|0|0|0|0|0|0|0|0|0|0|0|0|0|0|0|0|0|0|0|0|0|0|0|0|0|0|0|0|0|0|0|0|0|0|0|0|0|0|0|0|0|0|0|0|0|0|0|0|0|0|0|0|0|0|0|0|0|0|0|0|0|0|0|0|0|0|0|0|0|0|0|0|0|0|0|0|0|0|0|0|0|0|0|0|0|0|0|0|0|0|0|0|0|0|0|0|0|0|0|0|0|0|0|0|0,0.1,0.3,0.1,12,0.00982318271119843
105,37,12|-1|11|8|-1|16|-1|10|-1|11|8|18|-1|-1|-1|-1|-1|13|19|14|12|14|8|8|3|-1|16|-1|11|12|-1|10|13|-1|15|20|23|8|-1|-1|-1|-1|-1|-1|-1|11|9|7|9|-1|14|10|9|13|-1|11|-1|-1|10|10|-1|-1|14|12|8|9|10|-1|11|-1|10|-1|-1|11|-1|-1|11|-1|-1|12|16|11|11|20|11|12|12|18|10|13|-1|-1|11|10|-1|12|9|10|9|-1|16|8|-1|12|0|12|-1|-1|-1|21|22|-1|-1|-1|12|15|6|18|9|3|10|8|13|-1|12|11|-1|20|13|-1|19|-1|9|6|-1|13|10|-1|-1|23|-1|17|11|11|14|12|-1|7|9|-1|8|7|-1|-1|-1|-1|12|-1|-1|14|9|14|-1|12|13|16|-1|-1|-1|24|7|10|-1|4|12|16|13|9|6|-1|9|12|11|13|12|-1|-1|16|13|14|9|8|-1|13|-1|11|13|9|2|15|6|11|8|23|-1|-1|14|15|10|15|8|-1|2|-1|-1|14|-1|7|-1|-1|9|14|12|9|9|17|9|15|9|23|-1|11|17|13|8|-1|11|8|9|5|9|-1|8|12|-1|16|-1|22|9|13|10|9|-1|16|7|-1|16|12|15|-1|15|10|11|14|-1|10|-1|10|-1|-1|5|-1|7|5|18|-1|10|10|10|15|-1|17|-1|10|11|9|-1|-1|-1|19|13|10|9|-1|12|10|10|10|12|-1|13|17|13|1|-1|11|-1|10|-1|10|-1|-1|-1|13|11|19|11|9|8|-1|13|10|-1|7|15|9|10|14|-1|8|12|12|9|-1|-1|13|13|9|16|10|17|15|-1|-1|13|10|-1|14|18|-1|9|10|12|6|12|16|-1|-1|-1|27|15|16|21|15|11|8|11|6|1|-1|-1|17|14|16|11|13|14|14|15|-1|19|21|10|11|-1|-1|10|-1|-1|10|9|-1|12|-1|21|12|16|13|12|-1|-1|12|-1|-1|-1|-1|12|15|11|6|16|13|14|-1|-1|12|-1|12|-1|12|12|-1|13|9|2|-1|-1|-1|18|10|-1|20|-1|-1|-1|11|-1|-1|-1|-1|5|10|-1|3|-1|-1|13|13|14|-1|9|-1|-1|-1|-1|8|15|16|-1|30|13|-1|10|10|9|-1|15|12|14|11|13|10|-1|-1|-1|10|-1|12|3|17|-1|-1|9|-1|8|10|19|-1|7|11|16|12|10|-1|-1|-1|11|11|14|-1|-1|15|-1|-1|-1|16|11|-1|-1,1|0|1|1|0|1|0|1|0|1|1|1|0|0|0|0|0|1|1|1|1|1|1|1|1|0|1|0|1|1|0|1|1|0|1|1|1|1|0|0|0|0|0|0|0|1|1|1|1|0|1|1|1|1|0|1|0|0|1|1|0|0|1|1|1|1|1|0|1|0|1|0|0|1|0|0|1|0|0|1|1|1|1|1|1|1|1|1|1|1|0|0|1|1|0|1|1|1|1|0|1|1|0|1|1|1|0|0|0|1|1|0|0|0|1|1|1|1|1|1|1|1|1|0|1|1|0|1|1|0|1|0|1|1|0|1|1|0|0|1|0|1|1|1|1|1|0|1|1|0|1|1|0|0|0|0|1|0|0|1|1|1|0|1|1|1|0|0|0|1|1|1|0|1|1|1|1|1|1|0|1|1|1|1|1|0|0|1|1|1|1|1|0|1|0|1|1|1|1|1|1|1|1|1|0|0|1|1|1|1|1|0|1|0|0|1|0|1|0|0|1|1|1|1|1|1|1|1|1|1|0|1|1|1|1|0|1|1|1|1|1|0|1|1|0|1|0|1|1|1|1|1|0|1|1|0|1|1|1|0|1|1|1|1|0|1|0|1|0|0|1|0|1|1|1|0|1|1|1|1|0|1|0|1|1|1|0|0|0|1|1|1|1|0|1|1|1|1|1|0|1|1|1|1|0|1|0|1|0|1|0|0|0|1|1|1|1|1|1|0|1|1|0|1|1|1|1|1|0|1|1|1|1|0|0|1|1|1|1|1|1|1|0|0|1|1|0|1|1|0|1|1|1|1|1|1|0|0|0|1|1|1|1|1|1|1|1|1|1|0|0|1|1|1|1|1|1|1|1|0|1|1|1|1|0|0|1|0|0|1|1|0|1|0|1|1|1|1|1|0|0|1|0|0|0|0|1|1|1|1|1|1|1|0|0|1|0|1|0|1|1|0|1|1|1|0|0|0|1|1|0|1|0|0|0|1|0|0|0|0|1|1|0|1|0|0|1|1|1|0|1|0|0|0|0|1|1|1|0|1|1|0|1|1|1|0|1|1|1|1|1|1|0|0|0|1|0|1|1|1|0|0|1|0|1|1|1|0|1|1|1|1|1|0|0|0|1|1|1|0|0|1|0|0|0|1|1|0|0,0|0|0|0|0|0|0|0|1|0|0|0|1|0|0|0|0|0|0|0|0|0|0|0|0|1|0|0|0|0|1|0|0|0|0|0|0|0|1|0|0|0|0|0|0|0|0|0|0|0|0|0|0|0|0|0|0|0|0|0|0|1|0|0|0|0|0|0|0|0|0|0|0|0|0|1|0|0|1|1|0|0|0|0|0|0|0|0|0|0|1|0|0|0|0|0|0|0|0|1|0|0|0|0|0|0|0|0|0|0|0|0|1|0|0|1|0|0|0|0|0|0|0|0|0|0|0|0|0|1|0|0|0|0|0|0|0|0|0|0|0|0|0|0|0|0|0|0|0|0|0|0|0|0|0|0|0|0|0|0|0|0|0|0|0|0|1|0|0|0|0|0|0|0|0|0|0|0|0|0|0|0|0|0|0|0|0|0|0|0|0|0|0|0|0|0|0|0|0|0|0|0|0|0|1|0|0|0|0|0|0|0|0|0|1|0|0|0|1|0|0|0|0|0|0|0|0|0|0|0|0|0|0|0|0|0|1|0|0|0|0|0|0|0|1|0|0|0|0|0|0|0|0|0|0|0|1|0|0|1|0|0|0|0|0|0|0|1|0|0|0|0|0|0|0|0|0|0|0|0|0|0|0|0|0|0|1|0|1|0|0|0|0|0|0|0|0|0|0|1|0|0|0|0|0|0|0|0|0|0|1|0|1|0|0|0|1|0|0|0|0|0|0|0|0|0|0|0|0|0|0|0|0|0|0|0|0|0|0|0|0|0|0|1|0|0|0|0|0|0|0|0|0|0|0|0|0|0|0|0|0|0|0|0|0|0|0|0|0|0|0|0|0|0|0|0|0|0|0|1|0|0|0|0|0|0|0|0|0|0|0|0|0|0|0|0|0|0|0|0|0|0|0|0|0|1|0|0|0|0|0|0|0|0|1|0|0|0|0|0|0|0|0|0|0|0|0|1|0|0|1|0|0|0|0|0|1|1|0|0|0|0|1|0|0|0|0|0|0|0|0|0|0|0|0|0|0|0|0|0|0|0|0|0|0|0|0|0|0|0|0|0|0|0|1|0|0|0|0|0|0|0|0|0|0|0|0|0|0|0|0|0|0|0|0|0|0|0|0|1|0|0|0|0|1|0|0|0|0,0.1,0.3,0.1,331,0.259332023575639
31,11,-1|-1|-1|-1|-1|-1|-1|-1|-1|-1|-1|-1|-1|-1|-1|-1|-1|-1|-1|-1|-1|-1|-1|-1|-1|-1|-1|-1|-1|-1|0|-1|-1|-1|-1|-1|-1|-1|3|-1|-1|-1|-1|-1|-1|-1|-1|-1|-1|-1|-1|-1|-1|-1|-1|-1|-1|-1|-1|-1|-1|-1|-1|-1|-1|-1|-1|-1|-1|-1|-1|-1|-1|-1|-1|-1|-1|-1|-1|-1|-1|-1|-1|-1|-1|-1|-1|-1|-1|-1|-1|-1|-1|-1|-1|-1|-1|-1|-1|-1|-1|-1|-1|-1|-1|-1|-1|-1|-1|-1|-1|-1|-1|-1|-1|-1|-1|-1|-1|-1|-1|-1|-1|-1|-1|-1|-1|-1|-1|-1|-1|-1|-1|-1|-1|-1|-1|-1|-1|-1|-1|-1|-1|-1|-1|-1|-1|-1|-1|-1|-1|-1|-1|-1|-1|-1|-1|-1|-1|-1|-1|-1|-1|-1|-1|-1|-1|-1|-1|-1|-1|-1|-1|-1|-1|-1|-1|-1|-1|-1|-1|-1|-1|-1|-1|-1|-1|-1|-1|-1|-1|-1|-1|-1|-1|-1|-1|-1|-1|-1|-1|-1|-1|-1|-1|-1|-1|-1|-1|-1|-1|-1|-1|-1|-1|-1|-1|-1|-1|-1|-1|-1|-1|-1|-1|-1|-1|-1|-1|-1|-1|-1|-1|-1|-1|-1|-1|-1|-1|-1|-1|-1|-1|-1|-1|-1|-1|-1|-1|-1|-1|-1|-1|-1|-1|-1|-1|-1|-1|-1|-1|-1|-1|-1|-1|-1|-1|-1|-1|-1|-1|4|-1|-1|-1|-1|-1|-1|-1|-1|-1|-1|-1|-1|-1|-1|-1|-1|-1|-1|-1|-1|-1|-1|-1|-1|-1|-1|-1|-1|-1|-1|-1|-1|-1|-1|-1|-1|-1|-1|-1|-1|-1|-1|-1|-1|-1|-1|-1|-1|-1|-1|-1|-1|-1|-1|-1|-1|-1|-1|-1|-1|-1|-1|-1|-1|-1|-1|-1|-1|-1|-1|-1|-1|-1|-1|-1|-1|-1|-1|-1|-1|-1|-1|-1|-1|-1|-1|-1|-1|-1|-1|-1|-1|-1|-1|-1|-1|-1|-1|-1|-1|-1|2|-1|-1|-1|-1|-1|-1|-1|-1|-1|-1|-1|-1|-1|-1|-1|-1|-1|-1|-1|-1|-1|-1|-1|-1|-1|-1|-1|-1|-1|-1|-1|-1|-1|-1|-1|-1|-1|-1|-1|-1|-1|-1|-1|-1|-1|-1|-1|-1|-1|-1|-1|-1|-1|-1|-1|-1|-1|-1|-1|-1|-1|-1|-1|-1|-1|-1|-1|-1|-1|-1|-1|-1|-1|-1|-1|-1|-1|-1|-1|-1|-1|-1|-1|-1|-1|-1|-1|-1|-1|-1|-1|-1|-1|-1|-1|-1|-1|-1|-1|-1|-1|-1|-1|-1|-1|-1|-1|-1|-1|-1|-1|-1|-1|-1|-1|-1|-1|-1|-1|-1|-1|-1|-1|-1|-1|-1|-1|-1|-1|-1|-1|-1|-1|-1|-1,0|0|0|0|0|0|0|0|0|0|0|0|0|0|0|0|0|0|0|0|0|0|0|0|0|0|0|0|0|0|1|0|0|0|0|0|0|0|1|0|0|0|0|0|0|0|0|0|0|0|0|0|0|0|0|0|0|0|0|0|0|0|0|0|0|0|0|0|0|0|0|0|0|0|0|0|0|0|0|0|0|0|0|0|0|0|0|0|0|0|0|0|0|0|0|0|0|0|0|0|0|0|0|0|0|0|0|0|0|0|0|0|0|0|0|0|0|0|0|0|0|0|0|0|0|0|0|0|0|0|0|0|0|0|0|0|0|0|0|0|0|0|0|0|0|0|0|0|0|0|0|0|0|0|0|0|0|0|0|0|0|0|0|0|0|0|0|0|0|0|0|0|0|0|0|0|0|0|0|0|0|0|0|0|0|0|0|0|0|0|0|0|0|0|0|0|0|0|0|0|0|0|0|0|0|0|0|0|0|0|0|0|0|0|0|0|0|0|0|0|0|0|0|0|0|0|0|0|0|0|0|0|0|0|0|0|0|0|0|0|0|0|0|0|0|0|0|0|0|0|0|0|0|0|0|0|0|0|0|0|0|0|0|0|0|0|0|0|0|0|0|1|0|0|0|0|0|0|0|0|0|0|0|0|0|0|0|0|0|0|0|0|0|0|0|0|0|0|0|0|0|0|0|0|0|0|0|0|0|0|0|0|0|0|0|0|0|0|0|0|0|0|0|0|0|0|0|0|0|0|0|0|0|0|0|0|0|0|0|0|0|0|0|0|0|0|0|0|0|0|0|0|0|0|0|0|0|0|0|0|0|0|0|0|0|0|0|0|0|0|0|0|0|1|0|0|0|0|0|0|0|0|0|0|0|0|0|0|0|0|0|0|0|0|0|0|0|0|0|0|0|0|0|0|0|0|0|0|0|0|0|0|0|0|0|0|0|0|0|0|0|0|0|0|0|0|0|0|0|0|0|0|0|0|0|0|0|0|0|0|0|0|0|0|0|0|0|0|0|0|0|0|0|0|0|0|0|0|0|0|0|0|0|0|0|0|0|0|0|0|0|0|0|0|0|0|0|0|0|0|0|0|0|0|0|0|0|0|0|0|0|0|0|0|0|0|0|0|0|0|0|0|0|0|0|0|0|0|0,0|0|0|0|0|0|0|0|0|0|0|0|0|0|0|0|0|0|0|0|0|0|0|0|0|0|0|0|0|0|0|0|0|0|0|0|0|0|0|0|0|0|0|0|0|0|0|0|0|0|0|0|0|0|0|0|0|0|0|0|0|0|0|0|0|0|0|0|0|0|0|0|0|0|0|0|0|0|0|0|0|0|0|0|0|0|0|0|0|0|0|0|0|0|0|0|0|0|0|0|0|0|0|0|0|0|0|0|0|0|0|0|0|0|0|0|0|0|0|0|0|0|0|0|0|0|0|0|0|0|0|0|0|0|0|0|0|0|0|0|0|0|0|0|0|0|0|0|0|0|0|0|0|0|0|0|0|0|0|0|0|0|0|0|0|0|0|0|0|0|0|0|0|0|0|0|0|0|0|0|0|0|0|0|0|0|0|0|0|0|0|0|0|0|0|0|0|0|0|0|0|0|0|0|0|0|0|0|0|0|0|0|0|0|0|0|0|0|0|0|0|0|0|0|0|0|0|0|0|0|0|0|0|0|0|0|0|0|0|0|0|0|0|0|0|0|0|0|0|0|0|0|0|0|0|0|0|0|0|0|0|0|0|0|0|0|0|0|0|0|0|0|0|0|0|0|0|0|0|0|0|0|0|0|0|0|0|0|0|0|0|0|0|0|0|0|0|0|0|0|0|0|0|0|0|0|0|0|0|0|0|0|0|0|0|0|0|0|0|0|0|0|0|0|0|0|0|0|0|0|0|0|0|0|0|0|0|0|0|0|0|0|0|0|0|0|0|0|0|0|0|0|0|0|0|0|0|0|0|0|0|0|0|0|0|0|0|0|0|0|0|0|0|0|0|0|0|0|0|0|0|0|0|0|0|0|0|0|0|0|0|0|0|0|0|0|0|0|0|0|0|0|0|0|0|0|0|0|0|0|0|0|0|0|0|0|0|0|0|0|0|0|0|0|0|0|0|0|0|0|0|0|0|0|0|0|0|0|0|0|0|0|0|0|0|0|0|0|0|0|0|0|0|0|0|0|0|0|0|0|0|0|0|0|0|0|0|0|0|0|0|0|0|0|0|0|0|0|0|0|0|0|0|0|0|0|0|0|0|0|0|0|0|0|0|0|0|0|0|0|0|0|0|0|0|0|0|0|0,0.1,0.3,0.1,4,0.00785854616895874
200,52,12|-1|9|6|10|10|15|24|-1|13|9|-1|5|-1|-1|32|9|12|9|-1|-1|17|9|9|16|11|12|-1|10|19|12|10|7|10|19|7|11|4|12|17|20|-1|11|17|-1|-1|7|7|-1|-1|16|11|8|9|-1|14|18|9|10|10|12|19|4|12|-1|8|12|-1|6|17|6|-1|7|4|7|-1|-1|16|22|-1|-1|-1|-1|16|-1|14|17|9|9|7|10|5|21|12|-1|17|12|-1|10|12|-1|12|-1|19|12|14|18|-1|-1|14|-1|12|11|-1|7|18|15|24|8|12|-1|-1|7|11|10|10|11|14|22|9|-1|21|-1|12|-1|9|10|9|-1|-1|12|9|9|13|20|13|-1|-1|8|14|15|5|-1|14|20|-1|8|-1|-1|16|-1|11|-1|16|-1|13|15|8|-1|27|22|12|16|18|-1|8|-1|-1|6|-1|-1|-1|7|9|10|-1|16|36|23|8|9|21|-1|-1|13|7|12|9|10|0|22|-1|6|16|9|23|10|-1|9|-1|6|14|15|-1|32|10|-1|7|6|-1|7|17|9|16|-1|21|7|-1|18|25|18|10|10|-1|20|13|8|6|11|12|10|-1|7|14|-1|4|19|-1|25|17|16|8|-1|20|5|24|12|9|27|13|14|27|9|14|17|9|14|7|-1|19|-1|16|18|23|12|-1|10|-1|-1|19|-1|10|-1|13|10|9|10|-1|-1|17|2|8|-1|-1|10|11|-1|7|16|7|9|12|-1|11|-1|9|22|23|-1|19|18|14|13|10|11|20|15|9|21|-1|11|8|-1|6|17|-1|8|16|38|7|12|-1|24|12|-1|10|13|-1|15|7|-1|-1|17|11|-1|6|11|12|12|16|22|10|-1|9|-1|-1|6|-1|34|31|13|14|11|-1|8|9|9|-1|14|14|-1|15|8|11|12|9|-1|-1|-1|10|5|14|3|-1|14|-1|11|11|10|10|16|11|14|20|22|17|20|-1|15|-1|7|15|7|10|-1|6|-1|-1|10|20|26|11|15|15|12|12|-1|27|-1|11|24|13|17|20|12|17|13|20|24|12|11|13|-1|-1|-1|9|12|13|15|-1|19|-1|-1|11|-1|-1|-1|11|15|-1|-1|-1|-1|-1|-1|-1|-1|-1|-1|-1|-1|-1|-1|-1|-1|20|12|8|8|14|12|7|17|-1|37|21|11|11|11|12|-1|-1|-1|12|-1|20|24|-1|-1|13|18|-1|10|-1|-1|-1|-1|-1|12|-1|13|10|-1|19|14|-1|-1|13|-1,1|0|1|1|1|1|1|1|0|1|1|0|1|0|0|1|1|1|1|0|0|1|1|1|1|1|1|0|1|1|1|1|1|1|1|1|1|1|1|1|1|0|1|1|0|0|1|1|0|0|1|1|1|1|0|1|1|1|1|1|1|1|1|1|0|1|1|0|1|1|1|0|1|1|1|0|0|1|1|0|0|0|0|1|0|1|1|1|1|1|1|1|1|1|0|1|1|0|1|1|0|1|0|1|1|1|1|0|0|1|0|1|1|0|1|1|1|1|1|1|0|0|1|1|1|1|1|1|1|1|0|1|0|1|0|1|1|1|0|0|1|1|1|1|1|1|0|0|1|1|1|1|0|1|1|0|1|0|0|1|0|1|0|1|0|1|1|1|0|1|1|1|1|1|0|1|0|0|1|0|0|0|1|1|1|0|1|1|1|1|1|1|0|0|1|1|1|1|1|1|1|0|1|1|1|1|1|0|1|0|1|1|1|0|1|1|0|1|1|0|1|1|1|1|0|1|1|0|1|1|1|1|1|0|1|1|1|1|1|1|1|0|1|1|0|1|1|0|1|1|1|1|0|1|1|1|1|1|1|1|1|1|1|1|1|1|1|1|0|1|0|1|1|1|1|0|1|0|0|1|0|1|0|1|1|1|1|0|0|1|1|1|0|0|1|1|0|1|1|1|1|1|0|1|0|1|1|1|0|1|1|1|1|1|1|1|1|1|1|0|1|1|0|1|1|0|1|1|1|1|1|0|1|1|0|1|1|0|1|1|0|0|1|1|0|1|1|1|1|1|1|1|0|1|0|0|1|0|1|1|1|1|1|0|1|1|1|0|1|1|0|1|1|1|1|1|0|0|0|1|1|1|1|0|1|0|1|1|1|1|1|1|1|1|1|1|1|0|1|0|1|1|1|1|0|1|0|0|1|1|1|1|1|1|1|1|0|1|0|1|1|1|1|1|1|1|1|1|1|1|1|1|0|0|0|1|1|1|1|0|1|0|0|1|0|0|0|1|1|0|0|0|0|0|0|0|0|0|0|0|0|0|0|0|0|1|1|1|1|1|1|1|1|0|1|1|1|1|1|1|0|0|0|1|0|1|1|0|0|1|1|0|1|0|0|0|0|0|1|0|1|1|0|1|1|0|0|1|0,0|0|0|0|0|0|0|0|1|0|0|0|0|0|0|0|0|0|0|0|0|0|0|0|0|0|0|0|0|0|0|0|0|0|0|0|0|0|0|0|0|0|0|0|0|0|0|0|0|0|0|0|0|0|0|0|0|0|0|0|0|0|0|0|1|0|0|0|0|0|0|0|0|0|0|0|0|0|0|0|0|1|0|0|0|0|0|0|0|0|0|0|0|0|0|0|0|0|0|0|0|0|1|0|0|0|0|0|0|0|1|0|0|0|0|0|0|0|0|0|0|1|0|0|0|0|0|0|0|1|0|0|1|0|0|0|0|0|0|0|0|0|0|0|0|0|0|1|0|0|0|0|0|0|0|0|0|0|0|0|0|0|0|0|0|0|0|0|0|0|0|1|0|0|0|0|0|0|0|0|1|1|0|0|0|0|0|0|0|0|0|0|0|0|0|0|0|0|0|0|0|1|0|0|0|0|0|0|0|0|0|0|0|0|0|0|0|1|0|0|0|0|0|0|0|0|0|1|0|0|0|0|0|0|0|0|0|0|0|0|0|0|0|0|1|0|0|0|0|0|0|0|0|0|0|0|0|0|0|0|0|0|0|0|0|0|0|0|0|0|1|0|0|0|0|0|0|1|0|0|0|0|1|0|0|0|0|0|0|0|0|0|0|0|0|0|0|0|0|0|0|0|0|0|0|0|0|0|1|0|0|0|0|0|0|0|0|0|0|0|0|0|0|0|0|0|0|0|0|0|0|0|0|0|1|0|0|0|0|0|1|1|0|0|0|0|0|0|0|0|0|0|0|0|1|1|0|0|0|0|0|0|0|0|0|0|0|0|0|0|0|0|0|0|0|0|1|1|1|0|0|0|0|0|0|0|0|0|0|0|0|0|0|0|0|0|0|1|0|0|0|0|0|0|0|0|1|0|0|0|0|0|0|0|0|0|0|0|0|0|0|0|0|0|0|0|0|0|0|0|0|0|0|0|0|0|0|0|0|1|0|0|0|0|0|0|1|0|0|0|0|0|0|0|0|0|0|0|0|1|0|1|0|0|1|0|0|0|0|0|0|0|0|0|0|0|0|0|0|0|0|0|0|0|0|0|0|0|0|0|0|0|0|1|0|0|0|0|0|0|0|0|0|0|0|0|0|0|0,0.1,0.3,0.1,352,0.227897838899804
258,56,-1|-1|5|6|14|-1|-1|-1|8|-1|7|-1|8|11|21|43|-1|-1|9|-1|-1|13|8|7|11|15|14|16|2|3|17|17|4|14|12|11|-1|7|14|-1|-1|-1|3|-1|-1|15|-1|11|-1|-1|-1|-1|15|10|16|-1|-1|14|-1|2|-1|-1|14|-1|23|8|9|-1|7|-1|5|-1|10|-1|8|7|-1|-1|12|-1|-1|5|-1|-1|6|-1|-1|3|14|-1|6|-1|15|8|-1|-1|11|-1|5|-1|-1|10|3|-1|10|-1|-1|-1|11|-1|-1|4|2|-1|6|17|14|25|8|20|-1|5|11|3|3|2|-1|15|-1|9|-1|18|7|-1|-1|6|10|10|23|27|8|17|8|-1|-1|11|-1|18|-1|9|-1|3|-1|22|22|-1|11|-1|-1|14|4|-1|5|-1|9|-1|15|-1|-1|41|18|8|-1|15|21|-1|-1|-1|7|-1|8|15|4|13|4|-1|-1|-1|-1|4|-1|-1|21|-1|-1|4|9|9|8|14|-1|12|4|-1|9|-1|12|-1|3|-1|4|-1|13|22|-1|-1|-1|8|7|-1|9|-1|10|-1|-1|-1|2|-1|-1|32|-1|-1|-1|11|-1|13|-1|7|6|-1|6|-1|8|-1|-1|7|-1|25|-1|-1|19|7|18|-1|6|-1|15|0|-1|13|14|20|-1|9|-1|-1|-1|9|-1|-1|11|11|-1|13|-1|-1|-1|10|-1|-1|-1|11|12|-1|6|2|-1|-1|-1|-1|6|1|7|-1|-1|-1|-1|8|14|-1|12|13|-1|9|-1|-1|-1|12|-1|-1|-1|-1|9|11|13|-1|10|8|-1|-1|5|8|-1|-1|-1|7|3|-1|50|-1|10|-1|19|-1|-1|8|5|-1|19|7|15|23|-1|11|4|6|22|-1|-1|-1|-1|6|-1|11|-1|22|9|-1|46|42|-1|-1|-1|-1|9|8|10|12|12|19|20|15|-1|16|-1|-1|-1|-1|5|9|10|-1|4|-1|4|-1|10|-1|16|13|-1|13|14|-1|-1|21|24|10|11|-1|-1|8|9|-1|-1|-1|-1|-1|-1|13|14|5|-1|-1|-1|-1|-1|16|-1|-1|-1|2|15|-1|12|-1|6|-1|-1|9|21|19|10|4|6|1|4|-1|-1|-1|16|-1|8|10|-1|-1|13|9|-1|-1|-1|11|-1|-1|-1|6|-1|-1|-1|42|11|-1|-1|-1|-1|-1|14|3|-1|14|6|6|-1|-1|-1|-1|-1|10|10|16|23|-1|-1|10|-1|-1|20|-1|-1|-1|-1|-1|9|-1|-1|-1|-1|9|-1|-1|20|-1|-1|-1|6|-1|20|-1|-1,0|0|1|1|1|0|0|0|1|0|1|0|1|1|1|1|0|0|1|0|0|1|1|1|1|1|1|1|1|1|1|1|1|1|1|1|0|1|1|0|0|0|1|0|0|1|0|1|0|0|0|0|1|1|1|0|0|1|0|1|0|0|1|0|1|1|1|0|1|0|1|0|1|0|1|1|0|0|1|0|0|1|0|0|1|0|0|1|1|0|1|0|1|1|0|0|1|0|1|0|0|1|1|0|1|0|0|0|1|0|0|1|1|0|1|1|1|1|1|1|0|1|1|1|1|1|0|1|0|1|0|1|1|0|0|1|1|1|1|1|1|1|1|0|0|1|0|1|0|1|0|1|0|1|1|0|1|0|0|1|1|0|1|0|1|0|1|0|0|1|1|1|0|1|1|0|0|0|1|0|1|1|1|1|1|0|0|0|0|1|0|0|1|0|0|1|1|1|1|1|0|1|1|0|1|0|1|0|1|0|1|0|1|1|0|0|0|1|1|0|1|0|1|0|0|0|1|0|0|1|0|0|0|1|0|1|0|1|1|0|1|0|1|0|0|1|0|1|0|0|1|1|1|0|1|0|1|1|0|1|1|1|0|1|0|0|0|1|0|0|1|1|0|1|0|0|0|1|0|0|0|1|1|0|1|1|0|0|0|0|1|1|1|0|0|0|0|1|1|0|1|1|0|1|0|0|0|1|0|0|0|0|1|1|1|0|1|1|0|0|1|1|0|0|0|1|1|0|1|0|1|0|1|0|0|1|1|0|1|1|1|1|0|1|1|1|1|0|0|0|0|1|0|1|0|1|1|0|1|1|0|0|0|0|1|1|1|1|1|1|1|1|0|1|0|0|0|0|1|1|1|0|1|0|1|0|1|0|1|1|0|1|1|0|0|1|1|1|1|0|0|1|1|0|0|0|0|0|0|1|1|1|0|0|0|0|0|1|0|0|0|1|1|0|1|0|1|0|0|1|1|1|1|1|1|1|1|0|0|0|1|0|1|1|0|0|1|1|0|0|0|1|0|0|0|1|0|0|0|1|1|0|0|0|0|0|1|1|0|1|1|1|0|0|0|0|0|1|1|1|1|0|0|1|0|0|1|0|0|0|0|0|1|0|0|0|0|1|0|0|1|0|0|0|1|0|1|0|0,0|0|0|0|0|0|0|0|0|0|0|0|0|0|0|0|0|0|0|0|0|0|0|0|0|0|0|0|0|0|0|0|0|0|0|0|0|0|0|0|0|0|0|0|0|0|0|0|0|0|0|0|0|0|0|0|0|0|1|0|0|1|0|0|0|0|0|0|0|0|0|0|0|0|0|0|0|0|0|0|0|0|0|0|0|0|0|0|0|0|0|1|0|0|0|0|0|0|0|0|0|0|0|0|0|0|0|0|0|0|0|0|0|0|0|0|0|0|0|0|0|0|0|0|0|0|0|0|0|0|1|0|1|0|0|0|0|0|0|0|0|0|0|0|0|0|0|0|1|0|0|0|0|0|0|0|0|0|0|0|0|1|0|0|0|0|0|0|0|0|0|0|0|0|0|0|0|0|0|0|0|1|0|0|0|0|0|1|0|0|1|0|0|0|0|0|0|0|0|0|0|0|0|0|0|0|0|0|0|0|0|0|0|0|1|0|0|0|0|0|0|0|0|0|0|0|0|0|0|0|0|0|0|0|0|0|1|0|0|0|0|0|0|0|0|0|0|0|0|0|0|0|0|1|0|0|0|0|0|0|0|0|0|0|0|0|0|0|0|1|0|0|0|0|0|0|0|0|0|0|0|0|0|0|0|0|0|0|0|0|0|0|0|1|0|0|0|0|0|0|0|0|0|0|0|0|0|0|0|1|0|1|0|0|0|1|0|0|0|0|0|0|0|0|0|0|0|0|0|0|0|1|0|0|0|0|1|0|0|0|1|0|0|0|0|0|0|0|0|0|0|0|0|0|0|0|0|0|0|0|0|0|0|0|0|0|0|0|0|0|0|0|1|0|0|0|0|1|0|0|0|0|0|0|0|0|0|0|0|0|0|0|0|0|0|0|0|0|0|0|0|0|0|0|0|0|0|0|0|0|0|0|0|0|0|1|0|0|0|0|0|0|0|0|0|1|0|0|0|0|0|0|0|0|0|0|0|0|0|1|0|1|0|0|0|0|0|0|0|0|0|0|0|1|0|0|0|0|0|0|0|0|0|0|0|0|0|0|0|0|0|0|0|0|0|0|0|0|0|0|0|0|0|0|0|0|0|0|0|0|0|0|0|0|0|0|0|0|0|0|0|0|0|0|0|0|0|0|0,0.1,0.3,0.1,257,0.135559921414538
30,65,14|-1|-1|8|12|10|13|-1|12|12|11|-1|10|-1|-1|-1|-1|10|8|-1|22|-1|17|25|6|-1|-1|-1|5|0|-1|-1|8|-1|-1|-1|11|9|14|-1|-1|-1|13|17|7|22|-1|8|7|13|11|1|-1|-1|12|21|13|11|15|9|11|-1|-1|11|7|9|9|15|9|-1|7|10|15|9|7|-1|-1|14|7|8|17|-1|10|16|11|14|-1|9|9|10|8|11|17|8|-1|21|9|-1|-1|15|13|9|16|13|12|12|-1|-1|-1|12|-1|-1|-1|21|7|15|4|8|7|-1|9|6|10|14|10|12|12|-1|23|9|-1|15|7|-1|10|5|10|-1|-1|-1|19|-1|-1|12|20|9|-1|14|3|12|9|7|-1|-1|-1|21|12|-1|20|12|7|10|5|13|8|13|-1|11|-1|-1|12|14|16|8|-1|11|10|9|5|25|9|-1|10|11|-1|-1|-1|17|-1|10|8|16|-1|21|15|7|7|8|9|-1|20|-1|8|11|7|23|19|17|11|-1|9|12|7|-1|16|-1|-1|7|-1|-1|26|-1|17|12|-1|23|7|12|10|-1|-1|-1|-1|16|-1|-1|8|6|-1|7|-1|-1|9|14|-1|-1|-1|-1|-1|15|8|13|12|-1|6|-1|-1|10|22|11|-1|14|10|10|12|17|13|-1|-1|-1|6|9|17|14|11|18|10|5|9|12|-1|9|-1|13|-1|8|10|-1|-1|19|-1|9|-1|-1|20|13|13|10|11|18|11|15|16|11|-1|11|26|-1|14|9|22|14|16|-1|8|-1|14|7|15|-1|-1|12|13|6|9|9|9|17|-1|8|19|10|13|11|11|17|-1|12|-1|18|12|9|17|-1|3|9|-1|11|12|15|-1|12|12|10|13|-1|9|-1|-1|-1|10|-1|9|-1|12|-1|23|7|-1|-1|-1|-1|-1|-1|-1|11|-1|10|18|10|-1|15|10|12|17|9|11|-1|-1|11|20|14|12|12|-1|13|10|-1|10|12|12|-1|12|8|11|-1|-1|-1|16|15|13|9|-1|15|12|12|11|20|-1|-1|14|13|11|14|-1|-1|-1|-1|17|-1|9|-1|-1|15|-1|10|-1|-1|-1|23|11|-1|-1|8|-1|7|29|-1|-1|-1|12|14|13|-1|-1|7|10|-1|-1|-1|-1|-1|10|-1|8|-1|-1|-1|11|9|-1|12|-1|-1|18|-1|14|6|-1|20|-1|-1|-1|-1|8|-1|-1|9|14|-1|15|-1|9|-1|-1|20|7|-1|14|-1|17|15|15|29|-1|-1|-1|14|13,1|0|0|1|1|1|1|0|1|1|1|0|1|0|0|0|0|1|1|0|1|0|1|1|1|0|0|0|1|1|0|0|1|0|0|0|1|1|1|0|0|0|1|1|1|1|0|1|1|1|1|1|0|0|1|1|1|1|1|1|1|0|0|1|1|1|1|1|1|0|1|1|1|1|1|0|0|1|1|1|1|0|1|1|1|1|0|1|1|1|1|1|1|1|0|1|1|0|0|1|1|1|1|1|1|1|0|0|0|1|0|0|0|1|1|1|1|1|1|0|1|1|1|1|1|1|1|0|1|1|0|1|1|0|1|1|1|0|0|0|1|0|0|1|1|1|0|1|1|1|1|1|0|0|0|1|1|0|1|1|1|1|1|1|1|1|0|1|0|0|1|1|1|1|0|1|1|1|1|1|1|0|1|1|0|0|0|1|0|1|1|1|0|1|1|1|1|1|1|0|1|0|1|1|1|1|1|1|1|0|1|1|1|0|1|0|0|1|0|0|1|0|1|1|0|1|1|1|1|0|0|0|0|1|0|0|1|1|0|1|0|0|1|1|0|0|0|0|0|1|1|1|1|0|1|0|0|1|1|1|0|1|1|1|1|1|1|0|0|0|1|1|1|1|1|1|1|1|1|1|0|1|0|1|0|1|1|0|0|1|0|1|0|0|1|1|1|1|1|1|1|1|1|1|0|1|1|0|1|1|1|1|1|0|1|0|1|1|1|0|0|1|1|1|1|1|1|1|0|1|1|1|1|1|1|1|0|1|0|1|1|1|1|0|1|1|0|1|1|1|0|1|1|1|1|0|1|0|0|0|1|0|1|0|1|0|1|1|0|0|0|0|0|0|0|1|0|1|1|1|0|1|1|1|1|1|1|0|0|1|1|1|1|1|0|1|1|0|1|1|1|0|1|1|1|0|0|0|1|1|1|1|0|1|1|1|1|1|0|0|1|1|1|1|0|0|0|0|1|0|1|0|0|1|0|1|0|0|0|1|1|0|0|1|0|1|1|0|0|0|1|1|1|0|0|1|1|0|0|0|0|0|1|0|1|0|0|0|1|1|0|1|0|0|1|0|1|1|0|1|0|0|0|0|1|0|0|1|1|0|1|0|1|0|0|1|1|0|1|0|1|1|1|1|0|0|0|1|1,0|0|1|0|0|0|0|0|0|0|0|0|0|0|0|0|0|0|0|0|0|0|0|0|0|0|0|0|0|0|0|0|0|0|0|0|0|0|0|0|0|1|0|0|0|0|0|0|0|0|0|0|1|0|0|0|0|0|0|0|0|0|0|0|0|0|0|0|0|0|0|0|0|0|0|0|0|0|0|0|0|0|0|0|0|0|0|0|0|0|0|1|0|0|0|0|0|0|0|0|0|0|0|0|0|0|0|0|0|0|1|0|0|0|0|0|0|0|0|1|0|0|0|0|0|0|0|0|0|0|0|0|0|0|0|0|0|0|0|0|0|1|0|0|0|0|0|0|0|0|0|0|0|0|0|0|0|0|0|0|0|0|0|0|0|0|0|0|0|0|0|0|0|0|0|0|0|0|0|0|0|0|0|0|1|0|0|0|0|0|0|0|0|0|0|0|0|0|0|0|0|1|0|0|0|0|0|0|0|1|0|0|0|0|0|1|0|0|0|0|0|0|0|0|0|0|0|0|0|0|0|1|0|0|0|0|0|0|1|0|1|0|0|0|0|0|0|0|0|0|0|0|0|0|0|0|0|0|0|0|0|0|0|0|0|0|0|1|0|0|0|0|0|0|0|0|0|0|0|0|0|0|0|0|1|0|0|0|0|0|0|0|1|0|0|0|0|0|0|0|0|0|0|0|0|0|0|1|0|0|0|0|0|1|0|1|0|0|0|0|0|0|0|0|0|0|0|0|0|0|0|0|0|0|0|0|1|0|0|0|0|0|0|1|0|1|1|0|0|0|0|0|0|0|0|1|0|0|0|0|0|1|0|0|0|1|0|0|0|0|0|0|0|0|1|0|0|0|0|0|0|0|0|0|0|0|0|0|0|0|0|0|0|0|0|0|0|0|0|0|0|0|0|0|0|0|1|0|1|0|0|0|1|0|0|0|0|0|0|0|0|0|0|0|1|0|0|0|0|0|0|0|0|0|0|0|1|0|0|0|0|0|0|0|0|0|0|0|1|0|0|0|0|0|0|0|0|0|0|0|1|0|0|0|0|1|0|1|0|0|0|0|0|0|0|0|0|0|0|0|0|0|0|0|0|0|0|0|0|0|0|1|0|0|0|0|0|0|0|0|0|0|0|0|0|1|1|0|0,0.1,0.3,0.1,319,0.218074656188605
99,50,10|-1|12|5|18|-1|-1|-1|12|-1|9|-1|8|11|17|-1|12|-1|-1|19|19|17|7|8|19|-1|15|16|11|12|-1|14|9|-1|10|-1|-1|-1|-1|-1|-1|-1|-1|-1|-1|-1|14|8|11|13|-1|10|-1|15|-1|25|-1|-1|9|9|-1|11|-1|13|-1|9|-1|16|8|-1|12|-1|-1|-1|9|-1|-1|11|-1|-1|17|-1|-1|-1|-1|14|-1|14|-1|9|5|12|-1|-1|-1|-1|11|1|0|12|-1|-1|16|13|-1|14|-1|-1|-1|-1|-1|14|11|-1|-1|11|15|-1|8|-1|-1|4|-1|13|12|15|14|-1|-1|9|-1|-1|7|23|10|8|9|-1|-1|-1|-1|-1|14|12|-1|10|12|-1|7|9|-1|6|17|-1|-1|-1|10|20|-1|10|5|-1|19|-1|9|-1|-1|-1|25|-1|15|9|-1|-1|-1|10|-1|9|7|-1|-1|18|16|17|11|15|-1|19|13|13|-1|32|19|13|-1|-1|-1|8|12|-1|27|-1|7|-1|8|-1|-1|21|-1|20|10|14|-1|20|20|19|-1|7|6|-1|7|11|16|-1|9|-1|12|11|-1|-1|-1|-1|-1|17|9|9|-1|8|15|23|6|-1|7|14|13|-1|-1|-1|11|13|-1|12|-1|22|6|19|18|13|-1|-1|-1|-1|12|9|-1|8|-1|11|-1|-1|17|-1|28|18|-1|-1|-1|-1|-1|12|-1|24|17|11|10|8|-1|-1|-1|-1|-1|10|11|10|9|11|-1|9|10|-1|11|19|14|-1|24|-1|-1|-1|-1|-1|-1|-1|-1|13|-1|14|10|-1|29|-1|-1|11|-1|7|9|9|-1|-1|-1|8|15|-1|14|13|-1|15|13|-1|-1|13|20|11|-1|8|13|7|19|-1|-1|-1|35|6|-1|10|10|-1|16|22|-1|-1|-1|-1|-1|20|-1|8|14|-1|20|-1|18|-1|14|-1|11|-1|10|10|11|10|-1|-1|9|-1|-1|-1|-1|15|-1|-1|-1|-1|10|-1|13|13|-1|-1|-1|14|-1|10|-1|13|-1|-1|-1|-1|10|-1|19|-1|11|-1|16|15|10|-1|-1|-1|-1|14|10|-1|-1|-1|15|15|13|-1|-1|-1|6|-1|14|13|19|21|-1|-1|-1|-1|9|21|-1|9|-1|11|14|10|14|10|-1|-1|19|8|11|12|-1|-1|10|-1|10|10|-1|-1|21|13|17|-1|12|11|-1|-1|20|10|-1|10|-1|-1|27|-1|-1|-1|7|-1|-1|-1|-1|9|16|-1|-1|-1|-1|-1|-1|-1|-1|-1|-1|-1|-1|-1|-1|-1|12|15|-1,1|0|1|1|1|0|0|0|1|0|1|0|1|1|1|0|1|0|0|1|1|1|1|1|1|0|1|1|1|1|0|1|1|0|1|0|0|0|0|0|0|0|0|0|0|0|1|1|1|1|0|1|0|1|0|1|0|0|1|1|0|1|0|1|0|1|0|1|1|0|1|0|0|0|1|0|0|1|0|0|1|0|0|0|0|1|0|1|0|1|1|1|0|0|0|0|1|1|1|1|0|0|1|1|0|1|0|0|0|0|0|1|1|0|0|1|1|0|1|0|0|1|0|1|1|1|1|0|0|1|0|0|1|1|1|1|1|0|0|0|0|0|1|1|0|1|1|0|1|1|0|1|1|0|0|0|1|1|0|1|1|0|1|0|1|0|0|0|1|0|1|1|0|0|0|1|0|1|1|0|0|1|1|1|1|1|0|1|1|1|0|1|1|1|0|0|0|1|1|0|1|0|1|0|1|0|0|1|0|1|1|1|0|1|1|1|0|1|1|0|1|1|1|0|1|0|1|1|0|0|0|0|0|1|1|1|0|1|1|1|1|0|1|1|1|0|0|0|1|1|0|1|0|1|1|1|1|1|0|0|0|0|1|1|0|1|0|1|0|0|1|0|1|1|0|0|0|0|0|1|0|1|1|1|1|1|0|0|0|0|0|1|1|1|1|1|0|1|1|0|1|1|1|0|1|0|0|0|0|0|0|0|0|1|0|1|1|0|1|0|0|1|0|1|1|1|0|0|0|1|1|0|1|1|0|1|1|0|0|1|1|1|0|1|1|1|1|0|0|0|1|1|0|1|1|0|1|1|0|0|0|0|0|1|0|1|1|0|1|0|1|0|1|0|1|0|1|1|1|1|0|0|1|0|0|0|0|1|0|0|0|0|1|0|1|1|0|0|0|1|0|1|0|1|0|0|0|0|1|0|1|0|1|0|1|1|1|0|0|0|0|1|1|0|0|0|1|1|1|0|0|0|1|0|1|1|1|1|0|0|0|0|1|1|0|1|0|1|1|1|1|1|0|0|1|1|1|1|0|0|1|0|1|1|0|0|1|1|1|0|1|1|0|0|1|1|0|1|0|0|1|0|0|0|1|0|0|0|0|1|1|0|0|0|0|0|0|0|0|0|0|0|0|0|0|0|1|1|0,0|0|0|0|0|0|0|0|0|1|0|0|0|0|0|0|0|1|0|0|0|0|0|0|0|0|0|0|0|0|0|0|0|1|0|0|0|1|0|0|0|0|0|0|0|0|0|0|0|0|0|0|1|0|0|0|0|0|0|0|0|0|0|0|0|0|0|0|0|0|0|0|0|1|0|1|0|0|0|0|0|0|0|0|0|0|0|0|0|0|0|0|0|1|0|0|0|0|0|0|1|0|0|0|0|0|0|0|0|0|0|0|0|0|1|0|0|0|0|0|0|0|0|0|0|0|0|0|0|0|0|0|0|0|0|0|0|0|0|0|0|0|0|0|0|0|0|0|0|0|0|0|0|0|0|0|0|0|0|0|0|0|0|0|0|0|0|1|0|0|0|0|0|0|0|0|0|0|0|0|1|0|0|0|0|0|0|0|0|0|0|0|0|0|0|1|0|0|0|0|0|0|0|0|0|0|0|0|0|0|0|0|1|0|0|0|0|0|0|0|0|0|0|1|0|0|0|0|0|0|0|1|1|0|0|0|1|0|0|0|0|0|0|0|0|0|0|0|0|0|0|0|0|0|0|0|0|0|0|0|0|0|0|0|0|0|1|0|0|0|0|0|0|0|0|0|0|1|0|0|0|0|0|0|0|0|1|0|0|0|0|0|0|0|0|0|0|0|0|0|1|0|0|0|0|0|0|1|0|0|0|0|0|0|0|0|0|0|0|0|1|0|0|0|0|0|1|0|0|0|0|0|0|0|0|0|0|1|0|0|0|0|0|0|0|0|0|0|0|0|0|0|0|0|0|0|0|0|0|0|0|0|0|0|0|0|0|0|0|0|0|0|0|0|0|0|0|0|0|0|0|0|0|0|0|0|0|0|0|0|1|0|0|0|0|0|0|0|0|0|0|0|0|0|0|0|0|0|0|0|0|0|0|1|0|0|0|0|0|0|0|0|0|1|0|0|0|0|0|0|0|0|0|0|0|0|0|0|0|0|1|0|0|0|0|0|0|0|0|0|0|0|0|0|0|0|0|0|0|0|0|0|0|0|0|0|0|0|0|0|0|0|0|0|0|0|0|0|0|0|0|0|0|0|0|0|0|0|0|0|0|0|0|0|0|0|0|0|0|0|0|0|0|0|0|0|0|0|0,0.1,0.3,0.1,253,0.166994106090373
192,19,-1|-1|-1|-1|-1|-1|-1|-1|-1|-1|-1|-1|-1|-1|-1|-1|-1|-1|-1|-1|-1|-1|-1|-1|-1|-1|-1|-1|-1|-1|-1|-1|-1|-1|-1|-1|-1|-1|-1|-1|-1|-1|-1|-1|-1|-1|-1|-1|-1|-1|-1|-1|-1|-1|-1|-1|-1|-1|-1|-1|-1|-1|-1|-1|-1|-1|-1|-1|-1|-1|-1|-1|-1|-1|-1|-1|-1|-1|-1|-1|-1|-1|-1|-1|-1|-1|-1|-1|-1|-1|-1|-1|-1|-1|-1|-1|-1|-1|-1|-1|-1|-1|-1|-1|-1|-1|-1|-1|-1|-1|-1|-1|-1|-1|-1|-1|-1|-1|-1|-1|-1|-1|-1|-1|-1|-1|-1|-1|-1|-1|-1|-1|-1|-1|-1|-1|-1|-1|-1|-1|-1|-1|-1|-1|-1|-1|-1|-1|-1|-1|-1|-1|-1|-1|-1|-1|-1|-1|-1|-1|-1|-1|-1|-1|-1|-1|-1|-1|-1|-1|-1|-1|-1|-1|-1|-1|-1|-1|-1|-1|-1|-1|-1|-1|-1|-1|-1|-1|-1|-1|-1|0|-1|-1|-1|-1|-1|-1|-1|-1|2|-1|-1|-1|-1|-1|-1|-1|-1|-1|-1|-1|-1|-1|-1|-1|-1|-1|-1|-1|-1|-1|-1|-1|-1|-1|-1|-1|-1|-1|-1|-1|-1|-1|-1|-1|-1|-1|-1|6|-1|-1|-1|-1|-1|-1|-1|-1|-1|-1|-1|-1|-1|-1|-1|-1|-1|-1|-1|-1|-1|-1|-1|-1|-1|-1|-1|-1|-1|-1|-1|-1|1|-1|-1|-1|-1|-1|-1|-1|-1|-1|-1|-1|-1|-1|-1|-1|-1|-1|-1|-1|-1|-1|-1|-1|-1|-1|-1|-1|-1|-1|-1|-1|-1|-1|-1|-1|-1|-1|-1|-1|-1|-1|-1|-1|-1|-1|1|-1|-1|-1|-1|-1|-1|-1|-1|-1|-1|-1|-1|-1|-1|-1|-1|-1|-1|-1|-1|-1|-1|-1|-1|-1|-1|-1|-1|-1|-1|-1|1|-1|-1|-1|-1|-1|-1|-1|-1|-1|-1|-1|-1|-1|-1|-1|-1|-1|-1|-1|-1|-1|-1|-1|-1|-1|-1|-1|-1|-1|-1|-1|-1|-1|-1|-1|-1|-1|-1|-1|-1|-1|-1|-1|-1|-1|-1|-1|-1|-1|-1|-1|-1|-1|-1|-1|-1|-1|-1|-1|-1|-1|-1|-1|-1|-1|-1|-1|-1|-1|-1|-1|-1|-1|-1|-1|-1|-1|-1|-1|-1|-1|-1|-1|-1|-1|-1|-1|-1|-1|-1|-1|-1|-1|-1|-1|-1|-1|-1|-1|-1|-1|-1|-1|-1|-1|-1|-1|-1|-1|-1|-1|-1|-1|-1|-1|-1|-1|-1|-1|-1|-1|-1|-1|-1|-1|-1|-1|-1|-1|-1|-1|-1|-1|-1|-1|-1|-1|7|-1|-1|-1|-1|-1|-1|-1|-1|-1|-1|-1|-1|-1|-1|-1|-1|-1|-1|-1|-1,0|0|0|0|0|0|0|0|0|0|0|0|0|0|0|0|0|0|0|0|0|0|0|0|0|0|0|0|0|0|0|0|0|0|0|0|0|0|0|0|0|0|0|0|0|0|0|0|0|0|0|0|0|0|0|0|0|0|0|0|0|0|0|0|0|0|0|0|0|0|0|0|0|0|0|0|0|0|0|0|0|0|0|0|0|0|0|0|0|0|0|0|0|0|0|0|0|0|0|0|0|0|0|0|0|0|0|0|0|0|0|0|0|0|0|0|0|0|0|0|0|0|0|0|0|0|0|0|0|0|0|0|0|0|0|0|0|0|0|0|0|0|0|0|0|0|0|0|0|0|0|0|0|0|0|0|0|0|0|0|0|0|0|0|0|0|0|0|0|0|0|0|0|0|0|0|0|0|0|0|0|0|0|0|0|0|0|0|0|0|0|1|0|0|0|0|0|0|0|0|1|0|0|0|0|0|0|0|0|0|0|0|0|0|0|0|0|0|0|0|0|0|0|0|0|0|0|0|0|0|0|0|0|0|0|0|0|0|0|1|0|0|0|0|0|0|0|0|0|0|0|0|0|0|0|0|0|0|0|0|0|0|0|0|0|0|0|0|0|0|0|0|1|0|0|0|0|0|0|0|0|0|0|0|0|0|0|0|0|0|0|0|0|0|0|0|0|0|0|0|0|0|0|0|0|0|0|0|0|0|0|0|0|0|0|0|0|0|1|0|0|0|0|0|0|0|0|0|0|0|0|0|0|0|0|0|0|0|0|0|0|0|0|0|0|0|0|0|0|0|1|0|0|0|0|0|0|0|0|0|0|0|0|0|0|0|0|0|0|0|0|0|0|0|0|0|0|0|0|0|0|0|0|0|0|0|0|0|0|0|0|0|0|0|0|0|0|0|0|0|0|0|0|0|0|0|0|0|0|0|0|0|0|0|0|0|0|0|0|0|0|0|0|0|0|0|0|0|0|0|0|0|0|0|0|0|0|0|0|0|0|0|0|0|0|0|0|0|0|0|0|0|0|0|0|0|0|0|0|0|0|0|0|0|0|0|0|0|0|0|0|0|0|0|0|0|0|0|0|0|0|0|0|0|0|0|0|0|1|0|0|0|0|0|0|0|0|0|0|0|0|0|0|0|0|0|0|0|0,0|0|0|0|0|0|0|0|0|0|0|0|0|0|0|0|0|0|0|0|0|0|0|0|0|0|0|0|0|0|0|0|0|0|0|0|0|0|0|0|0|0|0|0|0|0|0|0|0|0|0|0|0|0|0|0|0|0|0|0|0|0|0|0|0|0|0|0|0|0|0|0|0|0|0|0|0|0|0|0|0|0|0|0|0|0|0|0|0|0|0|0|0|0|0|0|0|0|0|0|0|0|0|0|0|0|0|0|0|0|0|0|0|0|0|0|0|0|0|0|0|0|0|0|0|0|0|0|0|0|0|0|0|0|0|0|0|0|0|0|0|0|0|0|0|0|0|0|0|0|0|0|0|0|0|0|0|0|0|0|0|0|0|0|0|0|0|0|0|0|0|0|0|0|0|0|0|0|0|0|0|0|0|0|0|0|0|0|0|0|0|0|0|0|0|0|0|0|0|0|0|0|0|0|0|0|0|0|0|0|0|0|0|0|0|0|0|0|0|0|0|0|0|0|0|0|0|0|0|0|0|0|0|0|0|0|0|0|0|0|0|0|0|0|0|0|0|0|0|0|0|0|0|0|0|0|0|0|0|0|0|0|0|0|0|0|0|0|0|0|0|0|0|0|0|0|0|0|0|0|0|0|0|0|0|0|0|0|0|0|0|0|0|0|0|0|1|0|0|0|0|0|0|0|0|0|0|0|0|0|0|0|0|0|0|0|0|0|0|0|0|0|0|0|0|0|0|0|0|0|0|0|0|0|0|0|0|0|0|0|0|0|0|0|0|0|0|0|0|0|0|0|0|0|0|0|0|0|0|0|0|0|0|0|0|0|0|0|0|0|0|0|0|0|0|0|0|0|0|0|0|0|0|0|0|0|0|0|0|0|0|0|0|0|0|0|0|0|0|0|0|0|0|0|0|0|0|0|0|0|0|0|0|0|0|0|0|0|0|0|0|0|0|0|0|0|0|0|0|0|0|0|0|0|0|0|0|0|0|0|0|0|0|0|0|0|0|0|0|0|0|0|0|0|0|0|0|0|0|0|0|0|0|0|0|0|0|0|0|0|0|0|0|0|0|0|0|0|0|0|0|0|0|0|0|0|0|0|0|0|0|0|0|0|0|0|0|0|0|0|0|0|0|0|0|0|0|0|0,0.1,0.3,0.1,7,0.00785854616895874
177,79,-1|20|19|13|15|-1|-1|-1|-1|14|13|19|9|16|-1|32|16|16|12|-1|16|-1|11|10|-1|18|-1|-1|24|20|-1|13|9|15|27|25|16|11|-1|16|-1|6|28|-1|12|14|-1|11|9|12|13|-1|9|-1|-1|-1|-1|-1|15|25|27|-1|16|-1|10|12|13|-1|11|-1|14|14|-1|10|11|10|15|-1|-1|13|-1|20|14|24|-1|-1|17|16|-1|23|22|10|-1|15|-1|-1|-1|15|14|16|13|12|-1|-1|-1|-1|-1|-1|-1|20|17|-1|-1|-1|-1|28|-1|11|8|-1|14|8|13|-1|20|19|24|-1|19|13|16|-1|13|13|22|12|-1|18|-1|13|32|-1|15|12|20|10|-1|-1|9|20|-1|8|-1|-1|-1|-1|-1|-1|25|26|6|-1|24|-1|12|18|-1|-1|-1|23|-1|13|-1|-1|-1|-1|0|9|7|-1|12|14|12|13|-1|-1|15|23|-1|14|13|-1|-1|14|-1|-1|14|13|11|-1|10|-1|11|18|9|-1|-1|-1|-1|27|9|-1|-1|-1|18|15|13|12|14|18|9|27|12|-1|-1|19|22|10|-1|21|-1|-1|-1|15|7|13|10|11|9|9|11|-1|15|-1|-1|16|-1|16|9|-1|11|10|17|-1|-1|-1|13|-1|20|17|-1|16|23|13|-1|11|25|14|-1|-1|12|-1|11|-1|-1|36|14|11|2|27|15|16|20|-1|13|-1|15|-1|17|23|14|18|7|-1|13|15|5|12|16|-1|10|16|17|17|-1|-1|-1|-1|20|11|24|-1|-1|12|-1|-1|15|12|14|-1|-1|14|-1|6|24|-1|13|-1|36|8|-1|-1|15|24|-1|10|21|14|21|-1|17|10|-1|12|22|12|17|-1|19|-1|-1|9|14|12|16|17|9|-1|33|25|17|18|23|-1|15|11|11|-1|-1|-1|-1|-1|-1|-1|12|-1|-1|10|11|9|20|18|11|3|34|13|13|-1|11|-1|13|-1|14|29|-1|-1|-1|13|-1|-1|-1|12|12|-1|15|11|14|18|-1|-1|19|-1|-1|-1|-1|15|-1|-1|-1|16|18|-1|26|-1|18|-1|13|30|29|-1|-1|-1|-1|-1|-1|-1|21|20|-1|-1|-1|14|-1|10|23|9|12|15|13|-1|26|21|-1|-1|-1|4|13|13|-1|24|16|-1|10|-1|-1|-1|16|14|-1|-1|-1|-1|-1|-1|-1|9|-1|12|14|-1|-1|-1|14|-1|-1|-1|17|12|9|-1|-1|12|14|-1|17|37|-1|9|17|7|-1|-1|-1|26|-1|-1|11|-1|-1,0|1|1|1|1|0|0|0|0|1|1|1|1|1|0|1|1|1|1|0|1|0|1|1|0|1|0|0|1|1|0|1|1|1|1|1|1|1|0|1|0|1|1|0|1|1|0|1|1|1|1|0|1|0|0|0|0|0|1|1|1|0|1|0|1|1|1|0|1|0|1|1|0|1|1|1|1|0|0|1|0|1|1|1|0|0|1|1|0|1|1|1|0|1|0|0|0|1|1|1|1|1|0|0|0|0|0|0|0|1|1|0|0|0|0|1|0|1|1|0|1|1|1|0|1|1|1|0|1|1|1|0|1|1|1|1|0|1|0|1|1|0|1|1|1|1|0|0|1|1|0|1|0|0|0|0|0|0|1|1|1|0|1|0|1|1|0|0|0|1|0|1|0|0|0|0|1|1|1|0|1|1|1|1|0|0|1|1|0|1|1|0|0|1|0|0|1|1|1|0|1|0|1|1|1|0|0|0|0|1|1|0|0|0|1|1|1|1|1|1|1|1|1|0|0|1|1|1|0|1|0|0|0|1|1|1|1|1|1|1|1|0|1|0|0|1|0|1|1|0|1|1|1|0|0|0|1|0|1|1|0|1|1|1|0|1|1|1|0|0|1|0|1|0|0|1|1|1|1|1|1|1|1|0|1|0|1|0|1|1|1|1|1|0|1|1|1|1|1|0|1|1|1|1|0|0|0|0|1|1|1|0|0|1|0|0|1|1|1|0|0|1|0|1|1|0|1|0|1|1|0|0|1|1|0|1|1|1|1|0|1|1|0|1|1|1|1|0|1|0|0|1|1|1|1|1|1|0|1|1|1|1|1|0|1|1|1|0|0|0|0|0|0|0|1|0|0|1|1|1|1|1|1|1|1|1|1|0|1|0|1|0|1|1|0|0|0|1|0|0|0|1|1|0|1|1|1|1|0|0|1|0|0|0|0|1|0|0|0|1|1|0|1|0|1|0|1|1|1|0|0|0|0|0|0|0|1|1|0|0|0|1|0|1|1|1|1|1|1|0|1|1|0|0|0|1|1|1|0|1|1|0|1|0|0|0|1|1|0|0|0|0|0|0|0|1|0|1|1|0|0|0|1|0|0|0|1|1|1|0|0|1|1|0|1|1|0|1|1|1|0|0|0|1|0|0|1|0|0,0|0|0|0|0|1|0|0|0|0|0|0|0|0|0|0|0|0|0|1|0|0|0|0|0|0|0|0|0|0|0|0|0|0|0|0|0|0|0|0|0|0|0|0|0|0|0|0|0|0|0|1|0|1|0|0|0|0|0|0|0|0|0|0|0|0|0|0|0|0|0|0|1|0|0|0|0|0|0|0|1|0|0|0|0|1|0|0|0|0|0|0|0|0|0|0|1|0|0|0|0|0|0|1|0|0|0|0|0|0|0|1|0|0|0|0|1|0|0|0|0|0|0|0|0|0|0|0|0|0|0|0|0|0|0|0|0|0|0|0|0|0|0|0|0|0|0|0|0|0|1|0|0|0|0|0|0|0|0|0|0|0|0|0|0|0|0|0|0|0|0|0|0|0|0|0|0|0|0|0|0|0|0|0|1|0|0|0|1|0|0|1|0|0|0|1|0|0|0|1|0|0|0|0|0|0|0|1|0|0|0|0|0|0|0|0|0|0|0|0|0|0|0|0|0|0|0|0|0|0|0|0|0|0|0|0|0|0|0|0|0|0|0|0|0|0|0|0|0|1|0|0|0|0|1|0|0|1|0|0|1|0|0|0|1|0|0|0|0|0|0|0|0|0|0|0|0|0|0|0|0|0|0|0|0|1|0|0|0|0|0|0|0|0|0|0|0|0|0|0|0|0|0|0|0|0|0|0|0|0|0|0|0|0|0|0|0|0|0|0|1|0|0|0|0|1|0|0|0|0|0|0|0|0|0|0|0|0|0|1|0|0|0|0|0|0|0|0|0|0|0|0|0|0|0|0|0|0|0|0|0|0|0|0|0|0|0|0|0|1|0|0|0|0|0|1|0|0|0|0|0|0|0|0|0|0|0|0|0|0|0|0|0|0|0|0|1|0|1|0|1|0|0|1|0|0|0|0|1|0|0|0|0|0|1|0|0|0|0|0|0|0|0|0|0|0|0|0|0|1|1|0|0|0|0|0|0|0|0|0|0|0|0|0|0|0|0|0|0|0|0|0|0|0|0|0|0|0|0|0|0|0|0|0|0|0|0|0|0|0|0|1|0|1|0|0|0|0|0|0|0|1|0|1|0|0|0|0|0|0|0|0|0|0|0|0|0|0|0|0|1|0|1|0|0|0|0|1|0,0.1,0.3,0.1,291,0.168958742632613
360,23,-1|-1|-1|-1|-1|-1|-1|-1|-1|-1|-1|-1|-1|-1|-1|3|-1|-1|-1|-1|-1|-1|-1|-1|-1|-1|-1|-1|-1|-1|-1|-1|-1|-1|-1|-1|-1|-1|-1|-1|-1|-1|-1|-1|-1|-1|-1|-1|-1|-1|-1|-1|-1|-1|-1|-1|-1|-1|-1|-1|-1|-1|-1|-1|-1|-1|-1|-1|-1|-1|-1|-1|-1|-1|-1|-1|-1|-1|-1|-1|-1|-1|-1|-1|-1|-1|-1|-1|-1|-1|-1|-1|-1|-1|-1|-1|-1|-1|-1|-1|-1|-1|-1|-1|-1|-1|-1|-1|-1|-1|-1|-1|-1|-1|-1|-1|-1|-1|-1|-1|-1|-1|-1|-1|-1|-1|-1|-1|-1|-1|-1|-1|-1|-1|-1|-1|-1|-1|-1|-1|-1|-1|-1|-1|-1|-1|-1|-1|-1|-1|-1|-1|-1|-1|-1|-1|-1|-1|-1|-1|-1|-1|-1|-1|-1|-1|-1|-1|-1|10|-1|-1|-1|-1|-1|-1|-1|-1|-1|-1|-1|-1|-1|-1|-1|-1|-1|-1|-1|-1|-1|-1|-1|-1|-1|-1|-1|-1|-1|-1|-1|-1|-1|-1|-1|-1|-1|-1|-1|-1|-1|-1|-1|-1|-1|-1|-1|-1|-1|-1|-1|-1|-1|-1|-1|-1|-1|-1|-1|11|-1|-1|-1|-1|-1|-1|-1|-1|-1|-1|-1|-1|-1|-1|-1|-1|-1|-1|-1|-1|-1|-1|-1|-1|-1|-1|-1|-1|-1|-1|-1|-1|-1|-1|-1|-1|-1|-1|-1|-1|-1|-1|-1|-1|-1|-1|-1|-1|-1|-1|-1|-1|-1|-1|-1|-1|-1|-1|-1|-1|-1|-1|-1|-1|-1|-1|-1|-1|-1|-1|-1|-1|-1|-1|-1|-1|-1|-1|-1|-1|-1|-1|-1|-1|-1|-1|-1|-1|-1|-1|-1|-1|-1|-1|-1|-1|-1|-1|-1|-1|-1|-1|-1|-1|-1|-1|-1|-1|-1|-1|-1|-1|-1|-1|-1|-1|-1|-1|-1|-1|-1|-1|-1|-1|-1|-1|-1|-1|5|0|-1|-1|-1|-1|-1|-1|-1|-1|-1|-1|-1|-1|-1|-1|-1|-1|-1|-1|-1|-1|-1|-1|-1|-1|-1|-1|-1|-1|-1|-1|-1|-1|-1|-1|-1|-1|-1|-1|-1|-1|-1|-1|-1|-1|-1|-1|-1|-1|-1|-1|-1|-1|-1|-1|-1|-1|-1|-1|-1|-1|-1|-1|-1|-1|-1|-1|-1|-1|-1|-1|-1|-1|-1|-1|-1|-1|-1|-1|-1|-1|-1|-1|-1|-1|-1|-1|-1|-1|-1|-1|-1|-1|-1|-1|-1|-1|-1|-1|-1|13|-1|-1|-1|-1|-1|-1|-1|-1|-1|-1|-1|-1|-1|-1|-1|-1|-1|-1|-1|-1|-1|-1|-1|-1|-1|-1|12|-1|-1|-1|-1|-1|-1|-1|-1|-1|-1|-1|-1|-1|-1|-1|-1|-1|-1|-1|-1|-1|-1,0|0|0|0|0|0|0|0|0|0|0|0|0|0|0|1|0|0|0|0|0|0|0|0|0|0|0|0|0|0|0|0|0|0|0|0|0|0|0|0|0|0|0|0|0|0|0|0|0|0|0|0|0|0|0|0|0|0|0|0|0|0|0|0|0|0|0|0|0|0|0|0|0|0|0|0|0|0|0|0|0|0|0|0|0|0|0|0|0|0|0|0|0|0|0|0|0|0|0|0|0|0|0|0|0|0|0|0|0|0|0|0|0|0|0|0|0|0|0|0|0|0|0|0|0|0|0|0|0|0|0|0|0|0|0|0|0|0|0|0|0|0|0|0|0|0|0|0|0|0|0|0|0|0|0|0|0|0|0|0|0|0|0|0|0|0|0|0|0|1|0|0|0|0|0|0|0|0|0|0|0|0|0|0|0|0|0|0|0|0|0|0|0|0|0|0|0|0|0|0|0|0|0|0|0|0|0|0|0|0|0|0|0|0|0|0|0|0|0|0|0|0|0|0|0|0|0|0|0|1|0|0|0|0|0|0|0|0|0|0|0|0|0|0|0|0|0|0|0|0|0|0|0|0|0|0|0|0|0|0|0|0|0|0|0|0|0|0|0|0|0|0|0|0|0|0|0|0|0|0|0|0|0|0|0|0|0|0|0|0|0|0|0|0|0|0|0|0|0|0|0|0|0|0|0|0|0|0|0|0|0|0|0|0|0|0|0|0|0|0|0|0|0|0|0|0|0|0|0|0|0|0|0|0|0|0|0|0|0|0|0|0|0|0|0|0|0|0|0|0|0|0|0|0|0|0|0|0|1|1|0|0|0|0|0|0|0|0|0|0|0|0|0|0|0|0|0|0|0|0|0|0|0|0|0|0|0|0|0|0|0|0|0|0|0|0|0|0|0|0|0|0|0|0|0|0|0|0|0|0|0|0|0|0|0|0|0|0|0|0|0|0|0|0|0|0|0|0|0|0|0|0|0|0|0|0|0|0|0|0|0|0|0|0|0|0|0|0|0|0|0|0|0|0|0|0|0|0|0|1|0|0|0|0|0|0|0|0|0|0|0|0|0|0|0|0|0|0|0|0|0|0|0|0|0|0|1|0|0|0|0|0|0|0|0|0|0|0|0|0|0|0|0|0|0|0|0|0|0,0|0|0|0|0|0|0|0|0|0|0|0|0|0|0|0|0|0|0|0|0|0|0|0|0|0|0|0|0|0|0|0|0|0|0|0|0|0|0|0|0|0|0|0|0|0|0|0|0|0|0|0|0|0|0|0|0|0|0|0|0|0|0|0|0|0|0|0|0|0|0|0|0|0|0|0|0|0|0|0|0|0|0|0|0|0|0|0|0|0|0|0|0|0|0|0|0|0|0|0|0|0|0|0|0|0|0|0|0|0|0|0|0|0|0|0|0|0|0|0|0|0|0|0|0|0|0|0|0|0|0|0|0|0|0|0|0|0|0|0|0|0|0|0|0|0|0|0|0|0|0|0|0|0|0|0|0|0|0|0|0|0|0|0|0|0|0|0|0|0|0|0|0|0|0|0|0|0|0|0|0|0|0|0|0|0|0|0|0|0|0|0|0|0|0|0|0|0|0|0|0|0|0|0|0|0|0|0|0|0|0|0|0|0|0|0|0|0|0|0|0|0|0|0|0|0|0|0|0|0|0|0|0|0|0|0|0|0|0|0|0|0|0|0|0|0|0|0|0|0|0|0|0|0|0|0|0|0|0|0|0|0|0|0|0|0|0|0|0|0|0|0|0|0|0|0|0|0|0|0|0|0|0|0|0|0|0|0|0|0|0|0|0|0|0|0|0|0|0|0|0|0|0|0|0|0|0|0|0|0|0|0|0|0|0|0|0|0|0|0|0|0|0|0|0|0|0|0|1|0|0|0|0|0|0|0|0|0|1|0|0|0|0|0|0|0|0|0|0|0|0|0|0|0|0|0|0|0|0|0|0|0|0|0|0|0|0|0|0|0|0|0|0|0|0|0|0|0|0|0|0|0|0|0|0|0|0|0|0|0|0|0|0|0|0|0|0|0|0|0|0|0|0|0|0|0|0|0|0|0|0|0|0|0|0|0|0|0|0|0|0|0|0|0|0|0|0|0|0|0|0|0|0|0|0|0|0|0|0|0|0|0|0|0|0|0|0|0|0|0|0|0|0|0|0|0|0|0|0|0|0|0|0|0|0|0|0|0|0|0|0|0|0|0|0|0|0|0|0|0|0|0|0|0|0|0|0|0|0|0|0|0|0|0|0|0|0|0|0|0|0|0|0|0|0|0|0|0|0,0.1,0.3,0.1,7,0.00982318271119843
427,55,10|-1|11|8|3|10|14|26|9|10|8|-1|9|-1|-1|-1|6|12|7|17|-1|-1|8|9|14|4|11|20|17|11|-1|14|3|-1|-1|-1|6|8|-1|-1|-1|-1|-1|-1|-1|-1|7|-1|9|-1|10|15|11|-1|13|10|14|12|5|7|-1|-1|-1|8|-1|9|9|-1|7|13|-1|-1|11|2|9|-1|9|18|-1|-1|-1|9|-1|9|7|8|13|-1|12|10|8|-1|-1|8|20|12|10|-1|6|-1|-1|8|-1|14|13|10|-1|-1|12|8|9|1|-1|-1|14|13|10|-1|5|21|-1|7|11|12|12|-1|-1|-1|22|-1|-1|18|12|-1|-1|10|6|-1|-1|14|-1|-1|8|9|16|6|-1|16|10|14|11|6|11|-1|-1|9|-1|-1|17|12|14|12|13|-1|12|11|20|2|-1|-1|13|7|-1|16|-1|4|14|-1|7|-1|8|2|1|2|5|-1|-1|-1|-1|7|10|22|15|13|6|8|9|9|7|-1|-1|10|8|7|8|-1|11|-1|-1|15|4|15|23|21|-1|10|6|9|-1|-1|8|15|6|13|-1|19|6|5|13|-1|15|12|-1|8|-1|-1|5|8|8|9|6|10|10|14|-1|-1|-1|-1|-1|7|-1|5|-1|-1|5|14|3|14|18|5|18|8|7|10|14|11|13|12|-1|-1|-1|-1|20|13|-1|-1|12|8|10|12|-1|3|10|14|12|4|4|-1|7|15|-1|5|10|-1|12|6|-1|10|6|10|4|-1|-1|8|-1|-1|-1|19|-1|-1|17|9|8|7|-1|-1|8|7|19|7|-1|9|6|8|10|14|5|13|-1|-1|7|-1|7|8|-1|6|-1|-1|19|5|6|4|5|9|12|9|4|-1|11|15|25|-1|6|8|9|-1|10|-1|-1|-1|9|12|9|18|10|-1|8|-1|15|6|12|14|6|-1|7|5|4|6|8|12|-1|11|4|-1|-1|-1|16|8|12|11|11|15|9|-1|-1|-1|-1|-1|10|-1|-1|8|8|-1|-1|-1|8|-1|18|21|9|6|14|7|-1|-1|-1|-1|17|-1|-1|11|11|16|10|-1|0|-1|14|-1|23|19|-1|15|19|13|-1|-1|-1|19|14|-1|13|10|-1|-1|13|9|11|-1|14|15|14|-1|-1|9|-1|-1|-1|-1|9|-1|-1|-1|-1|-1|3|3|2|-1|6|6|-1|-1|-1|-1|5|-1|-1|-1|-1|10|-1|16|-1|15|-1|7|-1|9|10|-1|9|-1|-1|-1|-1|11|9|-1|-1|-1|-1|19|-1|-1|5|13|-1,1|0|1|1|1|1|1|1|1|1|1|0|1|0|0|0|1|1|1|1|0|0|1|1|1|1|1|1|1|1|0|1|1|0|0|0|1|1|0|0|0|0|0|0|0|0|1|0|1|0|1|1|1|0|1|1|1|1|1|1|0|0|0|1|0|1|1|0|1|1|0|0|1|1|1|0|1|1|0|0|0|1|0|1|1|1|1|0|1|1|1|0|0|1|1|1|1|0|1|0|0|1|0|1|1|1|0|0|1|1|1|1|0|0|1|1|1|0|1|1|0|1|1|1|1|0|0|0|1|0|0|1|1|0|0|1|1|0|0|1|0|0|1|1|1|1|0|1|1|1|1|1|1|0|0|1|0|0|1|1|1|1|1|0|1|1|1|1|0|0|1|1|0|1|0|1|1|0|1|0|1|1|1|1|1|0|0|0|0|1|1|1|1|1|1|1|1|1|1|0|0|1|1|1|1|0|1|0|0|1|1|1|1|1|0|1|1|1|0|0|1|1|1|1|0|1|1|1|1|0|1|1|0|1|0|0|1|1|1|1|1|1|1|1|0|0|0|0|0|1|0|1|0|0|1|1|1|1|1|1|1|1|1|1|1|1|1|1|0|0|0|0|1|1|0|0|1|1|1|1|0|1|1|1|1|1|1|0|1|1|0|1|1|0|1|1|0|1|1|1|1|0|0|1|0|0|0|1|0|0|1|1|1|1|0|0|1|1|1|1|0|1|1|1|1|1|1|1|0|0|1|0|1|1|0|1|0|0|1|1|1|1|1|1|1|1|1|0|1|1|1|0|1|1|1|0|1|0|0|0|1|1|1|1|1|0|1|0|1|1|1|1|1|0|1|1|1|1|1|1|0|1|1|0|0|0|1|1|1|1|1|1|1|0|0|0|0|0|1|0|0|1|1|0|0|0|1|0|1|1|1|1|1|1|0|0|0|0|1|0|0|1|1|1|1|0|1|0|1|0|1|1|0|1|1|1|0|0|0|1|1|0|1|1|0|0|1|1|1|0|1|1|1|0|0|1|0|0|0|0|1|0|0|0|0|0|1|1|1|0|1|1|0|0|0|0|1|0|0|0|0|1|0|1|0|1|0|1|0|1|1|0|1|0|0|0|0|1|1|0|0|0|0|1|0|0|1|1|0,0|0|0|0|0|0|0|0|0|0|0|0|0|0|0|0|0|0|0|0|0|0|0|0|0|0|0|0|0|0|0|0|0|0|0|0|0|0|0|0|0|0|0|0|0|1|0|1|0|0|0|0|0|1|0|0|0|0|0|0|0|0|0|0|0|0|0|0|0|0|1|0|0|0|0|1|0|0|1|0|0|0|0|0|0|0|0|0|0|0|0|0|1|0|0|0|0|0|0|0|0|0|1|0|0|0|0|0|0|0|0|0|0|0|0|0|0|0|0|0|0|0|0|0|0|0|0|0|0|1|0|0|0|0|0|0|0|0|0|0|0|0|0|0|0|0|0|0|0|0|0|0|0|0|0|0|0|0|0|0|0|0|0|0|0|0|0|0|0|0|0|0|0|0|0|0|0|0|0|0|0|0|0|0|0|0|0|0|0|0|0|0|0|0|0|0|0|0|0|0|1|0|0|0|0|0|0|0|0|0|0|0|0|0|0|0|0|0|1|0|0|0|0|0|0|0|0|0|0|0|0|0|0|0|0|0|0|1|0|0|0|0|0|0|0|0|1|0|0|0|0|0|1|0|0|0|0|0|0|0|0|0|0|0|0|0|0|0|0|0|0|0|0|0|0|0|0|0|0|0|0|0|0|0|0|0|0|0|0|0|0|0|0|0|0|0|0|0|0|0|0|1|0|0|0|0|0|0|0|0|0|0|0|0|0|0|0|0|0|0|0|0|0|0|0|0|0|0|0|0|0|0|0|0|0|0|0|0|0|0|0|0|0|0|0|0|0|0|0|0|0|0|0|0|0|0|0|0|0|0|0|0|0|0|0|0|0|0|0|0|0|0|0|0|0|0|0|0|0|0|0|0|0|1|0|0|0|0|0|0|0|0|0|0|0|0|0|1|0|0|0|0|0|0|0|0|0|0|0|0|0|0|0|0|0|1|0|0|0|1|1|0|0|0|0|0|0|0|0|0|0|0|0|0|0|0|0|0|0|0|0|0|0|0|0|0|0|0|0|0|0|0|0|0|0|0|0|0|0|0|0|0|0|0|1|1|0|0|0|0|0|0|0|0|0|0|0|0|0|0|1|0|0|0|0|0|0|0|0|0|0|0|0|0|0|0|0|0|0|0|0|0|0|0|0|0|0|0|0,0.1,0.3,0.1,310,0.212180746561886
